Customer_id,Company_name,Auditing_Company_Name,Current_Ratio,Quick_Ratio,Debt_to_Equity_Ratio,Debt_Ratio,Net_Profit_Margin,Return_on_Assets (ROA),Return_on_Equity (ROE),Interest_Coverage_Ratio,Operating_Cash_Flow_to_Total_Debt_Ratio,Free_Cash_Flow_to_Firm (FCFF),Loan_Status
2760,Reliance Industries Limited,PwC,5.8,5.7,0.012,0.008,21.5,16.5,32.5,24.5,2.0,3600000,2
2761,State Bank of India,Ernst & Young,5.9,5.8,0.013,0.009,22.5,17.5,33.5,25.5,2.05,3700000,2
2762,Hindustan Unilever Limited,Deloitte,6.0,5.9,0.014,0.01,23.5,18.5,34.5,26.5,2.1,3800000,2
2763,Oil and Natural Gas Corporation Limited,KPMG,6.1,6.0,0.015,0.011,24.5,19.5,35.5,27.5,2.15,3900000,2
2764,Tata Steel Limited,PwC,6.2,6.1,0.016,0.012,25.5,20.5,36.5,28.5,2.2,4000000,2
2765,Bharti Airtel Limited,Ernst & Young,6.3,6.2,0.017,0.013,26.5,21.5,37.5,29.5,2.25,4100000,1
2766,Adani Enterprises Limited,Deloitte,6.4,6.3,0.018,0.014,27.5,22.5,38.5,30.5,2.3,4200000,1
2767,NTPC Limited,KPMG,6.5,6.4,0.019,0.015,28.5,23.5,39.5,31.5,2.35,4300000,1
2768,Coal India Limited,PwC,6.6,6.5,0.02,0.016,29.5,24.5,40.5,32.5,2.4,4400000,1
2769,Bharti Infratel Limited,Ernst & Young,6.7,6.6,0.021,0.017,30.5,25.5,41.5,33.5,2.45,4500000,1
2770,Reliance Industries Limited,Deloitte,6.8,6.7,0.022,0.018,31.5,26.5,42.5,34.5,2.5,4600000,2
2771,Tata Consultancy Services Limited,KPMG,6.9,6.8,0.023,0.019,32.5,27.5,43.5,35.5,2.55,4700000,1
2772,Hindustan Petroleum Corporation Limited,PwC,7.0,6.9,0.024,0.02,33.5,28.5,44.5,36.5,2.6,4800000,1
2773,State Bank of India,Ernst & Young,7.1,7.0,0.025,0.021,34.5,29.5,45.5,37.5,2.65,4900000,2
2774,Bharat Heavy Electricals Limited,Deloitte,7.2,7.1,0.026,0.022,35.5,30.5,46.5,38.5,2.7,5000000,1
2775,Oil and Natural Gas Corporation Limited,KPMG,7.3,7.2,0.027,0.023,36.5,31.5,47.5,39.5,2.75,5100000,1
2776,Tata Steel Limited,PwC,7.4,7.3,0.028,0.024,37.5,32.5,48.5,40.5,2.8,5200000,2
2777,Larsen & Toubro Limited,Ernst & Young,7.5,7.4,0.029,0.025,38.5,33.5,49.5,41.5,2.85,5300000,1
2778,Bharti Airtel Limited,Deloitte,7.6,7.5,0.03,0.026,39.5,34.5,50.5,42.5,2.9,5400000,1
2779,Adani Green Energy Limited,KPMG,7.7,7.6,0.031,0.027,40.5,35.5,51.5,43.5,2.95,5500000,2
2780,Reliance Industries Limited,PwC,7.8,7.7,0.032,0.028,41.5,36.5,52.5,44.5,3.0,5600000,1
2781,Hindustan Unilever Limited,Ernst & Young,7.9,7.8,0.033,0.029,42.5,37.5,53.5,45.5,3.1,5700000,2
2782,Tata Consultancy Services Limited,Deloitte,8.0,7.9,0.034,0.03,43.5,38.5,54.5,46.5,3.2,5800000,1
2783,State Bank of India,KPMG,8.1,8.0,0.035,0.031,44.5,39.5,55.5,47.5,3.3,5900000,2
2784,Bharat Heavy Electricals Limited,PwC,8.2,8.1,0.036,0.032,45.5,40.5,56.5,48.5,3.4,6000000,1
2785,Bajaj Finance Limited,Ernst & Young,8.3,8.2,0.037,0.033,46.5,41.5,57.5,49.5,3.5,6100000,2
2786,Infosys Limited,Deloitte,8.4,8.3,0.038,0.034,47.5,42.5,58.5,50.5,3.6,6200000,1
2787,Axind Limited,KPMG,8.5,8.4,0.039,0.035,48.5,43.5,59.5,51.5,3.7,6300000,2
2788,Bharti Infratel Limited,PwC,8.6,8.5,0.04,0.036,49.5,44.5,60.5,52.5,3.8,6400000,1
2789,Bharti Airtel Limited,Ernst & Young,8.7,8.6,0.041,0.037,50.5,45.5,61.5,53.5,3.9,6500000,2
2790,Reliance Industries Limited,Deloitte,8.8,8.7,0.042,0.038,51.5,46.5,62.5,54.5,4.0,6600000,2
2791,Tata Consultancy Services Limited,KPMG,8.9,8.8,0.043,0.039,52.5,47.5,63.5,55.5,4.1,6700000,1
2792,HDFC Bank Limited,PwC,9.0,8.9,0.044,0.04,53.5,48.5,64.5,56.5,4.2,6800000,2
2793,Housing Development Finance Corporation Limited,Ernst & Young,9.1,9.0,0.045,0.041,54.5,49.5,65.5,57.5,4.3,6900000,1
2794,ICICI Bank Limited,Deloitte,9.2,9.1,0.046,0.042,55.5,50.5,66.5,58.5,4.4,7000000,2
2795,State Bank of India,KPMG,9.3,9.2,0.047,0.043,56.5,51.5,67.5,60.5,4.5,7100000,1
2796,Larsen & Toubro Limited,PwC,9.4,9.3,0.048,0.044,57.5,52.5,68.5,61.5,4.6,7200000,2
2797,Adani Ports and Special Economic Zone Limited,Ernst & Young,9.5,9.4,0.049,0.045,58.5,53.5,69.5,62.5,4.7,7300000,1
2798,Tata Steel Limited,Deloitte,9.6,9.5,0.05,0.046,59.5,54.5,70.5,63.5,4.8,7400000,2
2799,Tata Motors Limited,KPMG,9.7,9.6,0.051,0.047,60.5,55.5,71.5,64.5,4.9,7500000,1
2800,Hindustan Unilever Limited,PwC,9.8,9.7,0.052,0.048,61.5,56.5,72.5,65.5,5.0,7600000,2
2801,Bharti Airtel Limited,Ernst & Young,9.9,9.8,0.053,0.049,62.5,57.5,73.5,66.5,5.1,7700000,1
2802,Reliance Industries Limited,Deloitte,10.0,9.9,0.054,0.05,63.5,58.5,74.5,67.5,5.2,7800000,2
2803,Oil and Natural Gas Corporation Limited,KPMG,9.6,9.5,0.055,0.051,64.5,59.5,75.5,68.5,5.3,7900000,1
2804,Housing Development Finance Corporation Limited,PwC,9.7,9.6,0.056,0.052,65.5,60.5,76.5,69.5,5.4,8000000,2
2805,Bajaj Finance Limited,Ernst & Young,9.8,9.7,0.057,0.053,66.5,61.5,77.5,70.5,5.5,8100000,1
2806,ICICI Bank Limited,Deloitte,9.9,9.8,0.058,0.054,67.5,62.5,78.5,71.5,5.6,8200000,2
2807,HDFC Bank Limited,KPMG,10.0,9.9,0.059,0.055,68.5,63.5,79.5,72.5,5.7,8300000,1
2808,Tata Consultancy Services Limited,PwC,9.6,9.5,0.06,0.056,69.5,64.5,80.5,73.5,5.8,8400000,2
2809,Infosys Limited,Ernst & Young,9.7,9.6,0.061,0.057,70.5,65.5,81.5,74.5,5.9,8500000,1
2810,State Bank of India,Deloitte,9.2,9.1,0.055,0.051,65.5,60.5,76.5,75.5,5.4,7500000,1
2811,Reliance Industries Limited,KPMG,9.4,9.3,0.062,0.058,71.5,66.5,82.5,76.5,5.5,8600000,2
2812,Housing Development Finance Corporation Limited,PwC,9.9,9.8,0.056,0.052,64.5,61.5,75.5,77.5,5.6,7800000,1
2813,Oil and Natural Gas Corporation Limited,Ernst & Young,9.5,9.4,0.063,0.059,66.5,62.5,77.5,78.5,5.7,8700000,2
2814,Bharat Petroleum Corporation Limited,Deloitte,9.6,9.5,0.064,0.06,67.5,63.5,78.5,79.5,5.8,8800000,1
2815,Coal India Limited,KPMG,9.3,9.2,0.065,0.061,68.5,64.5,79.5,80.5,5.9,8900000,2
2816,Gas Authority of India Limited,PwC,9.7,9.6,0.066,0.062,69.5,65.5,80.5,81.5,6.0,9000000,1
2817,National Aluminium Company Limited,Ernst & Young,9.8,9.7,0.067,0.063,70.5,66.5,81.5,82.5,6.1,9100000,2
2818,Bhel Limited,Deloitte,9.4,9.3,0.068,0.064,65.5,61.5,76.5,77.5,6.2,7400000,1
2819,Bharat Heavy Electricals Limited,KPMG,9.5,9.4,0.069,0.065,66.5,62.5,77.5,78.5,6.3,7500000,1
2820,Hindustan Aeronautics Limited,PwC,9.9,9.8,0.07,0.064,71.5,67.5,82.5,83.5,6.4,9200000,2
2821,Bharat Petroleum Corporation Limited,Ernst & Young,9.6,9.5,0.071,0.065,67.5,63.5,78.5,79.5,6.5,7600000,1
2822,Bharat Heavy Electricals Limited,Deloitte,9.7,9.6,0.072,0.066,68.5,64.5,83.5,80.5,6.6,7700000,1
2823,Hindustan Aeronautics Limited,KPMG,9.8,9.7,0.073,0.067,72.5,68.5,84.5,81.5,6.7,7800000,2
2824,Bharat Petroleum Corporation Limited,PwC,9.5,9.4,0.074,0.068,69.5,65.5,85.5,78.5,6.8,7900000,1
2825,Coal India Limited,Ernst & Young,9.4,9.3,0.075,0.069,70.5,66.5,86.5,77.5,6.9,7300000,1
2826,Gas Authority of India Limited,Deloitte,9.3,9.2,0.076,0.07,65.5,62.5,87.5,76.5,6.1,7200000,1
2827,National Aluminium Company Limited,KPMG,9.6,9.5,0.077,0.071,64.5,63.5,88.5,75.5,6.2,7100000,1
2828,Bhel Limited,PwC,9.2,9.1,0.078,0.072,66.5,61.5,89.5,74.5,6.3,7000000,1
2829,Bharat Heavy Electricals Limited,Ernst & Young,9.7,9.6,0.079,0.073,67.5,65.5,90.5,73.5,6.4,7400000,1
2830,Hindustan Aeronautics Limited,Deloitte,9.8,9.7,0.08,0.074,68.5,67.5,91.5,72.5,6.5,7500000,2
2831,Bharat Heavy Electricals Limited,PwC,9.9,9.8,0.081,0.075,69.5,68.5,92.5,71.5,6.6,7600000,2
2832,Hindustan Aeronautics Limited,Ernst & Young,9.5,9.4,0.078,0.072,63.5,60.5,85.5,70.5,6.0,6800000,1
2833,Bharat Heavy Electricals Limited,Deloitte,9.6,9.5,0.079,0.073,66.5,63.5,86.5,73.5,6.1,7000000,1
2834,Hindustan Aeronautics Limited,PwC,9.7,9.6,0.08,0.074,67.5,65.5,89.5,74.5,6.3,7100000,1
2835,Bharat Heavy Electricals Limited,Ernst & Young,9.4,9.3,0.081,0.075,64.5,61.5,87.5,72.5,5.9,6600000,0
2836,Hindustan Aeronautics Limited,Deloitte,9.8,9.7,0.082,0.076,69.5,68.5,90.5,73.5,6.7,7700000,2
2837,Bharat Heavy Electricals Limited,PwC,9.9,9.8,0.083,0.077,70.5,69.5,91.5,74.5,6.8,7800000,2
2838,Hindustan Aeronautics Limited,Ernst & Young,9.6,9.5,0.084,0.078,65.5,62.5,84.5,75.5,6.2,6900000,1
2839,Bharat Heavy Electricals Limited,Deloitte,9.7,9.6,0.085,0.079,68.5,67.5,88.5,76.5,6.3,7300000,1
2840,Tata Steel Limited,PwC,9.4,9.3,0.086,0.08,58.5,55.5,80.5,77.5,6.4,7200000,1
2841,Tata Motors Limited,Ernst & Young,9.3,9.2,0.087,0.081,61.5,58.5,83.5,78.5,6.5,7500000,1
2842,Reliance Industries Limited,Deloitte,9.5,9.4,0.088,0.082,66.5,61.5,87.5,79.5,6.6,7800000,2
2843,Bharti Airtel Limited,PwC,9.2,9.1,0.089,0.083,54.5,51.5,75.5,76.5,6.3,7000000,1
2844,Housing Development Finance Corporation (HDFC),Ernst & Young,9.6,9.5,0.084,0.078,63.5,59.5,82.5,74.5,6.1,7600000,1
2845,Infosys Limited,Deloitte,9.7,9.6,0.085,0.079,67.5,56.5,86.5,75.5,6.4,7900000,2
2846,State Bank of India (SBI),PwC,9.4,9.3,0.086,0.08,56.5,53.5,78.5,76.5,6.3,7100000,1
2847,Tata Consultancy Services (TCS),Ernst & Young,9.5,9.4,0.087,0.081,62.5,59.5,84.5,77.5,6.5,7600000,1
2848,Rajesh Exports Limited,Deloitte,9.3,9.2,0.088,0.082,60.5,57.5,85.5,78.5,6.6,7700000,2
2849,Bajaj Finance Limited,PwC,9.1,9.0,0.089,0.083,52.5,50.5,74.5,75.5,6.2,6800000,1
2850,Reliance Industries Limited,Ernst & Young,9.8,9.7,0.09,0.084,70.5,65.5,90.5,80.5,7.1,8100000,2
2851,Hindustan Unilever Limited,Deloitte,9.6,9.5,0.091,0.085,65.5,62.5,87.5,79.5,6.8,7800000,1
2852,Bharti Airtel Limited,PwC,9.4,9.3,0.092,0.086,58.5,55.5,79.5,78.5,6.7,7500000,1
2853,ICICI Bank Limited,Ernst & Young,9.7,9.6,0.093,0.087,66.5,63.5,88.5,81.5,7.3,8000000,2
2854,Maruti Suzuki India Limited,Deloitte,9.2,9.1,0.094,0.088,55.5,52.5,83.5,77.5,6.4,7300000,1
2855,Asian Paints Limited,PwC,9.9,9.8,0.095,0.089,72.5,68.5,91.5,82.5,7.5,8200000,2
2856,Hero MotoCorp Limited,Ernst & Young,9.5,9.4,0.096,0.09,64.5,61.5,86.5,76.5,6.9,7600000,1
2857,SBI Life Insurance Company Limited,Deloitte,9.3,9.2,0.097,0.091,54.5,51.5,75.5,74.5,6.3,7000000,1
2858,Bajaj Finserv Limited,PwC,9.8,9.7,0.098,0.092,71.5,69.5,92.5,83.5,7.7,8300000,2
2859,HDFC Bank Limited,Ernst & Young,9.6,9.5,0.099,0.093,67.5,64.5,89.5,84.5,7.4,8100000,1
2860,Tata Consultancy Services,Deloitte,10.1,9.9,0.085,0.076,15.5,12.5,18.5,10.5,1.1,10000000,2
2861,Infosys Limited,PwC,9.7,9.5,0.094,0.087,13.5,11.5,16.5,9.5,0.9,9000000,1
2862,Reliance Industries Limited,Ernst & Young,8.8,8.6,0.102,0.091,5.5,4.5,7.5,6.5,0.6,6000000,0
2863,Wipro Limited,Deloitte,9.3,9.1,0.093,0.085,12.5,10.5,15.5,8.5,0.7,7000000,1
2864,Housing Development Finance Corporation Limited,PwC,9.4,9.2,0.096,0.088,11.5,9.5,14.5,7.5,0.8,8000000,1
2865,Bharti Airtel Limited,Ernst & Young,8.6,8.4,0.101,0.09,3.5,2.5,4.5,5.5,0.4,5000000,0
2866,State Bank of India,Deloitte,9.1,8.9,0.095,0.086,8.5,7.5,11.5,7.1,0.6,6000000,1
2867,Larsen & Toubro Limited,PwC,9.9,9.7,0.088,0.077,16.5,14.5,20.5,11.5,1.2,11000000,2
2868,Tata Steel Limited,Ernst & Young,8.2,8.0,0.105,0.092,2.5,1.5,2.5,4.5,0.3,4000000,0
2869,GlaxoSmithKline Pharmaceuticals Limited,Deloitte,9.6,9.4,0.098,0.084,14.5,12.5,18.5,9.5,1.0,10000000,1
2870,Hindustan Unilever Limited,PwC,8.9,8.7,0.112,0.101,12.5,6.5,10.5,5.5,0.5,7000000,2
2871,Infosys Limited,Ernst & Young,7.6,7.4,0.125,0.114,10.5,8.5,15.5,6.5,0.6,8000000,1
2872,Hero MotoCorp Limited,Deloitte,9.3,9.1,0.092,0.081,6.5,10.5,12.5,8.5,1.1,9000000,2
2873,Bajaj Finserv Limited,PwC,8.5,8.3,0.105,0.094,14.5,13.5,17.5,7.5,0.7,10000000,1
2874,Ashok Leyland Limited,Ernst & Young,9.7,9.5,0.108,0.096,2.5,1.5,3.5,4.5,0.3,3000000,0
2875,Sun Pharmaceutical Industries Limited,Deloitte,8.8,8.6,0.103,0.091,18.5,16.5,21.5,10.5,1.2,12000000,2
2876,Tata Consultancy Services Limited,PwC,9.2,9.0,0.118,0.108,15.5,11.5,16.5,7.5,0.8,11000000,1
2877,Reliance Industries Limited,Ernst & Young,11.5,11.3,0.072,0.062,12.5,9.5,13.5,12.5,1.5,15000000,2
2878,Dr. Reddy's Laboratories Limited,Deloitte,9.9,9.7,0.115,0.103,11.5,13.5,15.5,8.5,0.9,9000000,1
2879,Mahindra & Mahindra Limited,PwC,10.1,9.9,0.095,0.084,13.5,12.5,16.5,10.5,1.3,13000000,2
2880,Infosys Limited,Ernst & Young,10.3,10.1,0.085,0.072,10.5,9.5,12.5,6.5,0.7,8000000,1
2881,Wipro Limited,Deloitte,11.5,11.3,0.065,0.055,14.5,10.5,14.5,8.5,1.2,12000000,2
2882,Hindustan Unilever Limited,PwC,12.5,12.3,0.055,0.045,15.5,11.5,17.5,9.5,1.4,14000000,2
2883,Bharti Airtel Limited,Ernst & Young,9.5,9.3,0.125,0.115,12.5,8.5,10.5,7.5,0.6,7000000,1
2884,State Bank of India,Deloitte,13.5,13.3,0.035,0.025,16.5,13.5,18.5,11.5,1.6,16000000,2
2885,Tata Steel Limited,PwC,14.5,14.3,0.045,0.035,17.5,12.5,19.5,10.5,1.7,17000000,2
2886,HDFC Bank Limited,Ernst & Young,15.5,15.3,0.025,0.015,18.5,14.5,20.5,12.5,1.8,18000000,2
2887,Larsen & Toubro Limited,Deloitte,16.5,16.3,0.015,0.005,19.5,15.5,21.5,13.5,1.9,19000000,2
2888,Housing Development Finance Corporation Limited,PwC,17.5,17.3,0.005,0.003,20.5,16.5,22.5,14.5,2.0,20000000,2
2889,Infosys Limited,Ernst & Young,12.5,12.3,0.055,0.035,15.5,11.5,16.5,9.5,0.45,15000000,2
2890,Reliance Industries Limited,Deloitte,11.5,11.3,0.065,0.045,14.5,10.5,15.5,8.5,0.55,14000000,2
2891,Tata Consultancy Services Limited,PwC,13.5,13.3,0.045,0.025,16.5,12.5,17.5,10.5,1.6,16000000,2
2892,Bharti Airtel Limited,Ernst & Young,14.5,14.3,0.035,0.025,17.5,13.5,18.5,11.5,1.7,17000000,2
2893,Wipro Limited,Deloitte,15.5,15.3,0.025,0.015,18.5,14.5,20.5,12.5,1.8,18000000,2
2894,Hero MotoCorp Limited,PwC,16.5,16.3,0.015,0.005,19.5,15.5,21.5,13.5,1.9,19000000,2
2895,Bajaj Finance Limited,Ernst & Young,17.5,17.3,0.005,0.003,20.5,16.5,22.5,14.5,2.0,20000000,2
2896,HDFC Life Insurance Company Limited,Deloitte,18.5,18.3,0.005,0.003,21.5,17.5,23.5,15.5,2.1,21000000,2
2897,SBI Life Insurance Company Limited,PwC,19.5,19.3,0.005,0.003,22.5,18.5,24.5,16.5,2.2,22000000,2
2898,Tata Consultancy Services Limited,Ernst & Young,14.5,14.3,0.035,0.015,17.5,12.5,15.5,11.5,1.7,17000000,1
2899,Infosys Limited,Deloitte,15.5,15.3,0.025,0.015,18.5,14.5,20.5,12.5,1.8,18000000,2
2900,HCL Technologies Limited,PwC,16.5,16.3,0.015,0.005,19.5,15.5,21.5,13.5,1.9,19000000,2
2901,Wipro Limited,Ernst & Young,17.5,17.3,0.005,0.003,20.5,16.5,22.5,14.5,2.0,20000000,1
2902,Bajaj Finance Limited,Deloitte,18.5,18.3,0.005,0.003,21.5,17.5,23.5,15.5,2.1,21000000,2
2903,HDFC Life Insurance Company Limited,PwC,19.5,19.3,0.005,0.003,22.5,18.5,24.5,16.5,2.2,22000000,0
2904,SBI Life Insurance Company Limited,Ernst & Young,20.5,20.3,0.005,0.003,23.5,19.5,25.5,17.5,2.3,23000000,1
2905,Reliance Industries Limited,Deloitte,13.5,13.3,0.065,0.025,16.5,11.5,14.5,10.5,1.6,16000000,1
2906,Tata Steel Limited,PwC,14.5,14.3,0.045,0.015,18.5,13.5,16.5,11.5,1.7,17000000,1
2907,Hero MotoCorp Limited,Ernst & Young,15.5,15.3,0.025,0.015,19.5,14.5,20.5,12.5,1.8,18000000,2
2908,Larsen & Toubro Limited,Deloitte,16.5,16.3,0.035,0.015,20.5,15.5,21.5,13.5,1.9,19000000,1
2909,Bharat Petroleum Corporation Limited,PwC,17.5,17.3,0.055,0.025,17.5,12.5,15.5,14.5,1.5,15000000,1
2910,State Bank of India,Ernst & Young,21.5,21.3,0.005,0.003,24.5,19.5,26.5,18.5,2.4,24000000,2
2911,Oil and Natural Gas Corporation Limited,Deloitte,18.5,18.3,0.045,0.015,19.5,14.5,17.5,15.5,1.6,16000000,1
2912,Bharti Airtel Limited,PwC,12.5,12.3,0.065,0.025,14.5,10.5,13.5,10.5,1.1,11000000,0
2913,Coal India Limited,Ernst & Young,14.5,14.3,0.035,0.015,15.5,13.5,16.5,11.5,1.7,17000000,1
2914,Bajaj Auto Limited,Deloitte,15.5,15.3,0.025,0.015,18.5,14.5,20.5,12.5,1.8,18000000,2
2915,Adani Ports and Special Economic Zone Limited,PwC,16.5,16.3,0.035,0.015,20.5,15.5,21.5,13.5,1.9,19000000,1
2916,Reliance Power Limited,Ernst & Young,17.5,17.3,0.055,0.025,17.5,12.5,15.5,14.5,1.5,15000000,1
2917,Tata Consultancy Services Limited,Deloitte,21.5,21.3,0.005,0.003,24.5,19.5,26.5,18.5,2.4,24000000,2
2918,Hindustan Unilever Limited,PwC,18.5,18.3,0.035,0.015,16.5,11.5,13.5,15.5,1.6,16000000,1
2919,State Bank of India,Ernst & Young,19.5,19.3,0.025,0.015,17.5,14.5,16.5,17.5,1.8,17000000,2
2920,Infosys Limited,Deloitte,20.5,20.3,0.055,0.025,19.5,13.5,17.5,16.5,1.9,18000000,1
2921,Larsen & Toubro Limited,PwC,17.5,17.3,0.065,0.025,15.5,10.5,12.5,13.5,1.4,14000000,0
2922,Tata Steel Limited,Ernst & Young,16.5,16.3,0.045,0.015,13.5,9.5,11.5,12.5,1.3,13000000,1
2923,Reliance Industries Limited,Deloitte,22.5,22.3,0.015,0.003,23.5,17.5,21.5,19.5,2.3,23000000,2
2924,Bharat Petroleum Corporation Limited,PwC,15.5,15.3,0.035,0.015,14.5,11.5,13.5,14.5,1.5,15000000,1
2925,Housing Development Finance Corporation Limited,Ernst & Young,21.5,21.3,0.055,0.025,18.5,12.5,14.5,16.5,1.7,17000000,2
2926,Oil and Natural Gas Corporation Limited,Deloitte,18.5,18.3,0.065,0.025,16.5,10.5,12.5,13.5,1.4,14000000,1
2927,State Bank of India,PwC,19.5,19.3,0.075,0.035,15.5,11.5,13.5,15.5,1.6,16000000,2
2928,Infosys Limited,Ernst & Young,17.5,17.3,0.085,0.045,19.5,13.5,15.5,17.5,1.8,18000000,2
2929,Bharti Airtel Limited,Deloitte,14.5,14.3,0.095,0.055,17.5,12.5,14.5,14.5,1.5,15000000,1
2930,Hindustan Unilever Limited,PwC,20.5,20.3,0.065,0.035,20.5,15.5,17.5,18.5,2.3,20000000,2
2931,Larsen & Toubro Limited,Ernst & Young,16.5,16.3,0.075,0.035,14.5,10.5,12.5,13.5,1.4,13000000,1
2932,Tata Consultancy Services Limited,Deloitte,23.5,23.3,0.055,0.025,21.5,18.5,20.5,21.5,2.5,22000000,2
2933,Bajaj Finance Limited,PwC,13.5,13.3,0.085,0.045,16.5,14.5,16.5,14.5,1.7,17000000,1
2934,Housing Development Finance Corporation Limited,Ernst & Young,24.5,24.3,0.065,0.035,19.5,16.5,18.5,19.5,2.3,21000000,2
2935,IndusInd Bank Limited,Deloitte,15.5,15.3,0.075,0.035,18.5,13.5,15.5,16.5,1.6,16000000,2
2936,ICICI Bank Limited,PwC,22.5,22.3,0.055,0.025,23.5,19.5,21.5,20.5,2.3,23000000,2
2937,Axis Bank Limited,Ernst & Young,17.5,17.3,0.085,0.045,15.5,12.5,14.5,13.5,1.8,18000000,1
2938,Bharti Airtel Limited,Deloitte,18.5,18.3,0.065,0.035,17.5,11.5,13.5,12.5,1.9,19000000,1
2939,Bharat Heavy Electricals Limited,PwC,19.5,19.3,0.055,0.025,16.5,10.5,12.5,11.5,2.0,20000000,2
2940,Birla Sun Life Asset Management Company Limited,Ernst & Young,20.5,20.3,0.075,0.035,14.5,9.5,11.5,10.5,1.7,17000000,2
2941,Cipla Limited,Deloitte,16.5,16.3,0.085,0.045,13.5,8.5,10.5,9.5,1.5,15000000,1
2942,Coal India Limited,PwC,14.5,14.3,0.065,0.035,12.5,7.5,9.5,8.5,1.3,13000000,1
2943,Gail (India) Limited,Ernst & Young,15.5,15.3,0.075,0.035,11.5,6.5,8.5,7.5,1.4,14000000,1
2944,Hero MotoCorp Limited,Deloitte,17.5,17.3,0.055,0.025,14.5,9.5,11.5,10.5,1.6,16000000,2
2945,HDFC Bank Limited,PwC,18.5,18.3,0.065,0.035,15.5,10.5,12.5,11.5,1.8,19000000,2
2946,Infosys Limited,Ernst & Young,19.5,19.3,0.075,0.035,13.5,8.5,10.5,9.5,1.7,17000000,2
2947,Reliance Industries Limited,Deloitte,16.5,16.3,0.085,0.045,16.5,9.5,12.5,12.5,1.9,20000000,2
2948,Tata Consultancy Services Limited,PwC,13.5,13.3,0.07,0.03,10.5,7.5,9.5,8.5,1.5,15000000,1
2949,Bharat Petroleum Corporation Limited,Ernst & Young,14.5,14.3,0.06,0.03,12.5,8.5,11.5,9.5,1.6,16000000,1
2950,Oil and Natural Gas Corporation Limited,Deloitte,15.5,15.3,0.075,0.035,11.5,6.5,8.5,7.5,1.4,14000000,1
2951,Bharti Airtel Limited,PwC,17.5,17.3,0.055,0.025,14.5,9.5,11.5,10.5,1.6,16000000,2
2952,State Bank of India,Ernst & Young,18.5,18.3,0.065,0.035,15.5,10.5,12.5,11.5,1.8,19000000,2
2953,Hindustan Unilever Limited,Deloitte,19.5,19.3,0.075,0.035,13.5,8.5,10.5,9.5,1.7,17000000,2
2954,GlaxoSmithKline Consumer Healthcare Limited,PwC,12.5,12.3,0.09,0.045,8.5,5.5,7.5,6.5,0.8,8000000,0
2955,Ashok Leyland Limited,Ernst & Young,11.5,11.3,0.08,0.035,9.5,6.5,8.5,7.5,1.2,12000000,1
2956,Bajaj Auto Limited,Deloitte,14.5,14.3,0.07,0.03,12.5,8.5,11.5,9.5,1.5,15000000,1
2957,Tata Steel Limited,PwC,15.5,15.3,0.055,0.025,10.5,7.5,9.5,8.5,1.3,13000000,2
2958,Bharat Petroleum Corporation Limited,Ernst & Young,17.5,17.3,0.06,0.025,14.5,9.5,11.5,10.5,1.6,18000000,1
2959,Reliance Industries Limited,Deloitte,16.5,16.3,0.075,0.03,11.5,8.5,10.5,9.5,1.4,14000000,0
2960,ONGC Limited,PwC,13.5,13.3,0.08,0.035,7.5,5.5,7.5,6.5,0.9,9000000,1
2961,Housing Development Finance Corporation Limited,Ernst & Young,12.5,12.3,0.095,0.04,8.5,6.5,8.5,7.5,1.1,11000000,2
2962,ICICI Bank Limited,Deloitte,14.5,14.3,0.065,0.025,13.5,9.5,11.5,10.5,1.5,16000000,1
2963,SBI Life Insurance Company Limited,PwC,15.5,15.3,0.05,0.02,11.5,8.5,10.5,9.5,1.3,12000000,2
2964,HDFC Bank Limited,Ernst & Young,18.5,18.3,0.06,0.025,16.5,10.5,12.5,11.5,1.7,19000000,1
2965,Axis Bank Limited,Deloitte,13.5,13.3,0.07,0.03,12.5,7.5,9.5,8.5,1.2,12000000,0
2966,L&T Finance Holdings Limited,PwC,16.5,16.3,0.08,0.035,9.5,6.5,8.5,7.5,0.8,8000000,1
2967,Reliance Capital Ltd,Ernst & Young,17.5,17.3,0.075,0.03,14.5,8.5,10.5,9.5,1.4,13000000,2
2968,Bajaj Finance Ltd,Deloitte,12.5,12.3,0.06,0.025,15.5,9.5,12.5,10.5,1.6,17000000,1
2969,HDFC Ltd,PwC,19.5,19.3,0.065,0.025,17.5,11.5,13.5,12.5,1.8,20000000,2
2970,SBI Cards and Payments Services Ltd,Ernst & Young,14.5,14.3,0.05,0.02,10.5,7.5,9.5,8.5,1.3,11000000,1
2971,ICICI Prudential Life Insurance Co Ltd,Deloitte,16.5,16.3,0.07,0.03,13.5,6.5,8.5,7.5,0.9,9000000,0
2972,Bharti Airtel Ltd,PwC,15.5,15.3,0.08,0.035,11.5,5.5,7.5,6.5,0.7,7000000,1
2973,Reliance Industries Ltd,Ernst & Young,20.5,20.3,0.055,0.02,20.5,12.5,15.5,13.5,1.9,22000000,2
2974,Infosys Ltd,Deloitte,13.5,13.3,0.075,0.03,16.5,9.5,12.5,11.5,1.5,18000000,1
2975,Tata Consultancy Services Ltd,PwC,18.5,18.3,0.06,0.025,18.5,10.5,13.5,12.5,1.7,21000000,2
2976,Maruti Suzuki India Ltd,Ernst & Young,11.5,11.3,0.065,0.025,8.5,5.5,7.5,6.5,0.6,5000000,1
2977,Hindustan Unilever Ltd,Deloitte,14.5,14.3,0.09,0.04,12.5,6.5,9.5,7.5,0.8,12000000,1
2978,Hero MotoCorp Ltd,PwC,16.5,16.3,0.07,0.03,10.5,7.5,10.5,9.5,1.3,15000000,2
2979,Bajaj Auto Ltd,Ernst & Young,12.5,12.3,0.085,0.04,9.5,5.5,7.5,8.5,0.9,10000000,1
2980,HDFC Bank Ltd,Deloitte,21.5,21.3,0.05,0.02,15.5,11.5,14.5,14.5,1.8,25000000,2
2981,ITC Ltd,PwC,17.5,17.3,0.06,0.025,13.5,8.5,11.5,12.5,1.6,20000000,2
2982,State Bank of India,Ernst & Young,19.5,19.3,0.07,0.03,14.5,9.5,12.5,11.5,1.4,23000000,2
2983,Tata Motors Ltd,Deloitte,15.5,15.3,0.085,0.04,8.5,5.5,7.5,7.5,0.7,6000000,1
2984,Sun Pharmaceutical Industries Ltd,PwC,13.5,13.3,0.095,0.05,11.5,7.5,9.5,10.5,0.6,11000000,1
2985,Ashok Leyland Ltd,Ernst & Young,11.5,11.3,0.075,0.035,9.5,4.5,6.5,8.5,0.8,7000000,1
2986,Bharat Heavy Electricals Ltd,Deloitte,14.5,14.3,0.08,0.04,12.5,6.5,9.5,9.5,1.3,14000000,2
2987,Reliance Industries Ltd,PwC,25.5,25.3,0.06,0.03,17.5,11.5,14.5,12.5,1.5,35000000,2
2988,Housing Development Finance Corporation Ltd,Ernst & Young,23.5,23.3,0.085,0.045,10.5,8.5,11.5,11.5,1.6,27000000,2
2989,Hero MotoCorp Ltd,Deloitte,17.5,17.3,0.095,0.055,13.5,6.5,9.5,10.5,0.9,12000000,1
2990,Tata Consultancy Services Ltd,PwC,21.5,21.3,0.07,0.035,16.5,9.5,13.5,13.5,1.7,31000000,2
2991,Bajaj Auto Ltd,Ernst & Young,16.5,16.3,0.08,0.04,15.5,7.5,10.5,14.5,1.1,15000000,1
2992,Infosys Ltd,Deloitte,20.5,20.3,0.075,0.0375,14.5,8.5,12.5,15.5,1.8,29000000,2
2993,Larsen & Toubro Ltd,PwC,18.5,18.3,0.09,0.05,13.5,5.5,8.5,12.5,1.2,16000000,1
2994,Mahindra & Mahindra Ltd,Ernst & Young,22.5,22.3,0.07,0.035,12.5,6.5,9.5,13.5,1.9,25000000,2
2995,Bharti Airtel Ltd,Deloitte,14.5,14.3,0.085,0.045,9.5,3.5,5.5,11.5,0.7,8000000,0
2996,HDFC Bank Ltd,PwC,24.5,24.3,0.065,0.0325,18.5,10.5,15.5,16.5,2.1,37000000,2
2997,Tata Consultancy Services,Ernst & Young,21.5,21.3,0.07,0.035,15.5,9.5,13.5,14.5,1.7,28000000,2
2998,Reliance Industries Ltd,Deloitte,19.5,19.3,0.08,0.04,12.5,6.5,9.5,13.5,1.5,24000000,2
2999,Bajaj Finance Ltd,PwC,23.5,23.3,0.06,0.03,17.5,11.5,16.5,15.5,2.3,36000000,2
3000,SBI Cards & Payments Services Ltd,Ernst & Young,20.5,20.3,0.075,0.0375,14.5,8.5,12.5,15.5,1.8,29000000,2
3001,ICICI Bank Ltd,Deloitte,18.5,18.3,0.09,0.05,13.5,5.5,8.5,12.5,1.2,16000000,1
3002,State Bank of India,PwC,22.5,22.3,0.07,0.035,12.5,6.5,9.5,13.5,1.9,25000000,2
3003,Axis Bank Ltd,Ernst & Young,14.5,14.3,0.085,0.045,9.5,3.5,5.5,11.5,0.7,8000000,0
3004,HDFC Ltd,Deloitte,24.5,24.3,0.065,0.0325,18.5,10.5,15.5,16.5,2.1,37000000,2
3005,Maruti Suzuki India Ltd,PwC,17.5,17.3,0.08,0.04,11.5,4.5,7.5,10.5,1.4,12000000,1
3006,Reliance Industries Ltd,Ernst & Young,23.5,23.3,0.07,0.035,16.5,9.5,12.5,15.5,2.5,42000000,2
3007,Tata Consultancy Services,Deloitte,21.5,21.3,0.08,0.04,15.5,7.5,10.5,14.5,1.8,30000000,1
3008,Bharti Airtel Ltd,PwC,19.5,19.3,0.09,0.045,10.5,5.5,7.5,13.5,0.8,9000000,0
3009,Infosys Ltd,Ernst & Young,20.5,20.3,0.085,0.0425,14.5,8.5,11.5,16.5,1.5,28000000,2
3010,Hero MotoCorp Ltd,Deloitte,16.5,16.3,0.075,0.0375,12.5,6.5,9.5,17.5,1.1,15000000,1
3011,Larsen & Toubro Ltd,PwC,26.5,26.3,0.05,0.025,17.5,11.5,14.5,18.5,2.7,50000000,2
3012,Tata Steel Ltd,Ernst & Young,25.5,25.3,0.065,0.0325,19.5,12.5,16.5,19.5,2.3,45000000,2
3013,Bajaj Auto Ltd,Deloitte,27.5,27.3,0.055,0.0275,18.5,13.5,17.5,20.5,2.9,55000000,2
3014,Hindustan Unilever Ltd,PwC,24.5,24.3,0.07,0.035,15.5,9.5,12.5,16.5,1.7,35000000,1
3015,Dr. Reddy's Laboratories Ltd,Ernst & Young,22.5,22.3,0.08,0.04,13.5,7.5,10.5,15.5,1.3,23000000,1
3016,Infosys Ltd,Deloitte,29.5,29.3,0.045,0.0225,17.5,11.5,15.5,21.5,3.5,65000000,2
3017,Reliance Industries Ltd,PwC,31.5,31.3,0.05,0.025,21.5,14.5,18.5,23.5,4.1,70000000,2
3018,Hero MotoCorp Ltd,Ernst & Young,26.5,26.3,0.06,0.03,14.5,9.5,13.5,17.5,1.8,30000000,1
3019,Asian Paints Ltd,Deloitte,28.5,28.3,0.055,0.0275,16.5,10.5,14.5,22.5,2.7,50000000,1
3020,Bharti Airtel Ltd,PwC,25.5,25.3,0.07,0.035,13.5,8.5,11.5,18.5,1.5,28000000,1
3021,Larsen & Toubro Ltd,Ernst & Young,30.5,30.3,0.04,0.02,18.5,12.5,16.5,24.5,3.9,68000000,2
3022,Tata Consultancy Services Ltd,Deloitte,32.5,32.3,0.035,0.0175,20.5,15.5,20.5,25.5,4.3,72000000,2
3023,State Bank of India,PwC,23.5,23.3,0.08,0.04,12.5,6.5,8.5,19.5,1.3,18000000,1
3024,HDFC Bank Ltd,Ernst & Young,33.5,33.3,0.03,0.015,22.5,16.5,21.5,26.5,4.5,74000000,2
3025,ICICI Bank Ltd,Deloitte,27.5,27.3,0.06,0.03,15.5,10.5,13.5,20.5,2.1,45000000,1
3026,Infosys Limited,KPMG,29.5,29.3,0.05,0.025,17.5,11.5,14.5,23.5,3.7,62000000,2
3027,Bajaj Finance Ltd,PwC,25.5,25.3,0.09,0.045,14.5,8.5,11.5,18.5,1.5,20000000,1
3028,Housing Development Finance Corporation Ltd (HDFC),Ernst & Young,31.5,31.3,0.025,0.0125,19.5,13.5,17.5,27.5,4.1,70000000,2
3029,Reliance Industries Ltd,Deloitte,28.5,28.3,0.07,0.035,16.5,9.5,12.5,22.5,2.9,50000000,1
3030,Tata Steel Ltd,KPMG,24.5,24.3,0.11,0.055,11.5,5.5,7.5,16.5,0.8,10000000,0
3031,Bharti Airtel Ltd,PwC,26.5,26.3,0.085,0.0425,13.5,7.5,9.5,21.5,2.5,40000000,1
3032,Hero MotoCorp Ltd,Ernst & Young,30.5,30.3,0.035,0.0175,18.5,12.5,16.5,25.5,4.3,72000000,2
3033,Bajaj Finserv Ltd,Deloitte,27.5,27.3,0.075,0.0375,15.5,10.5,13.5,20.5,2.3,48000000,1
3034,Adani Enterprises Ltd,KPMG,23.5,23.3,0.1,0.05,10.5,5.5,7.5,17.5,1.2,12000000,0
3035,Tata Motors Ltd,PwC,25.5,25.3,0.09,0.045,14.5,8.5,11.5,18.5,1.5,20000000,1
3036,Reliance Industries Ltd,Ernst & Young,29.5,29.3,0.055,0.0275,12.5,9.5,13.5,23.5,3.5,52000000,2
3037,Hindustan Unilever Ltd,Deloitte,31.5,31.3,0.04,0.02,17.5,11.5,15.5,26.5,5.3,75000000,2
3038,Infosys Ltd,KPMG,28.5,28.3,0.08,0.04,16.5,10.5,14.5,21.5,2.8,42000000,1
3039,Bharat Petroleum Corporation Ltd,PwC,24.5,24.3,0.11,0.055,11.5,6.5,8.5,19.5,1.8,14000000,0
3040,State Bank of India,Ernst & Young,32.5,32.3,0.03,0.015,15.5,13.5,17.5,27.5,6.3,80000000,2
3041,Tata Steel Ltd,Deloitte,26.5,26.3,0.065,0.0325,14.5,8.5,11.5,18.5,1.5,20000000,1
3042,Rajesh Exports Ltd,KPMG,22.5,22.3,0.12,0.06,9.5,4.5,6.5,16.5,0.7,10000000,0
3043,Mahindra & Mahindra Ltd,PwC,27.5,27.3,0.07,0.035,13.5,9.5,12.5,22.5,2.2,45000000,1
3044,Bharti Airtel Ltd,Ernst & Young,25.5,25.3,0.08,0.04,12.5,7.5,9.5,20.5,2.4,42000000,1
3045,Bajaj Finserv Ltd,Deloitte,28.5,28.3,0.075,0.0375,15.5,10.5,13.5,21.5,2.3,48000000,1
3046,Tata Consultancy Services Ltd,KPMG,23.5,23.3,0.1,0.05,11.5,8.5,11.5,18.5,1.6,36000000,1
3047,Infosys Ltd,PwC,24.5,24.3,0.09,0.045,10.5,6.5,8.5,15.5,1.5,32000000,1
3048,Hindustan Unilever Ltd,Ernst & Young,26.5,26.3,0.06,0.03,9.5,5.5,7.5,17.5,1.3,34000000,1
3049,Reliance Industries Ltd,Deloitte,29.5,29.3,0.055,0.0275,14.5,11.5,14.5,20.5,2.1,52000000,2
3050,State Bank of India,KPMG,31.5,31.3,0.045,0.0225,8.5,4.5,6.5,14.5,1.9,49000000,1
3051,Tata Steel Ltd,PwC,22.5,22.3,0.11,0.055,7.5,3.5,5.5,13.5,0.9,27000000,0
3052,Maruti Suzuki India Ltd,Ernst & Young,21.5,21.3,0.09,0.045,12.5,7.5,9.5,16.5,1.1,30000000,1
3053,Bharti Airtel Ltd,Deloitte,25.5,25.3,0.08,0.04,13.5,9.5,12.5,19.5,1.8,41000000,1
3054,Bajaj Finance Ltd,KPMG,27.5,27.3,0.07,0.035,15.5,10.5,13.5,21.5,1.7,47000000,2
3055,Housing Development Finance Corporation Ltd,PwC,28.5,28.3,0.065,0.0325,14.5,11.5,15.5,18.5,2.0,50000000,1
3056,Infosys Limited,Deloitte,23.5,23.3,0.1,0.05,16.5,8.5,11.5,17.5,1.5,35000000,1
3057,State Bank of India,Ernst & Young,24.5,24.3,0.095,0.0475,11.5,6.5,8.5,15.5,1.2,25000000,1
3058,Tata Consultancy Services,KPMG,26.5,26.3,0.08,0.04,18.5,9.5,13.5,20.5,1.9,43000000,1
3059,HDFC Bank Ltd,PwC,29.5,29.3,0.07,0.035,17.5,12.5,16.5,22.5,1.6,49000000,1
3060,ICICI Bank Ltd,Ernst & Young,22.5,22.3,0.11,0.055,7.5,3.5,5.5,13.5,0.9,27000000,0
3061,Reliance Industries Ltd,Deloitte,25.5,25.3,0.08,0.04,13.5,9.5,12.5,19.5,1.8,41000000,1
3062,Wipro Limited,KPMG,27.5,27.3,0.07,0.035,15.5,10.5,13.5,21.5,1.7,47000000,2
3063,Bharti Airtel Ltd,PwC,21.5,21.3,0.09,0.045,12.5,7.5,9.5,16.5,1.1,30000000,1
3064,Tata Motors Ltd,Ernst & Young,26.5,26.3,0.08,0.04,14.5,8.5,11.5,18.5,1.5,33000000,1
3065,Bajaj Finserv Ltd,Deloitte,24.5,24.3,0.095,0.0475,11.5,6.5,8.5,15.5,1.2,26000000,1
3066,HDFC Bank Ltd,KPMG,28.5,28.3,0.075,0.0375,16.5,11.5,14.5,23.5,1.9,50000000,2
3067,State Bank of India,PwC,23.5,23.3,0.105,0.0525,10.5,7.5,9.5,17.5,1.3,25000000,1
3068,ICICI Bank Ltd,Ernst & Young,29.5,29.3,0.07,0.035,17.5,12.5,15.5,24.5,2.1,49000000,2
3069,Infosys Ltd,Deloitte,25.5,25.3,0.085,0.0425,13.5,9.5,12.5,19.5,1.8,40000000,1
3070,Hindustan Unilever Ltd,KPMG,27.5,27.3,0.07,0.035,15.5,10.5,13.5,21.5,1.7,46000000,2
3071,Tata Consultancy Services Ltd,PwC,21.5,21.3,0.09,0.045,12.5,7.5,9.5,16.5,1.1,30000000,1
3072,Maruti Suzuki India Ltd,Ernst & Young,26.5,26.3,0.08,0.04,14.5,8.5,11.5,18.5,1.5,33000000,1
3073,Bajaj Auto Ltd,Deloitte,24.5,24.3,0.095,0.0475,11.5,6.5,8.5,15.5,1.2,26000000,1
3074,Bharti Airtel Ltd,KPMG,25.5,25.3,0.08,0.04,13.5,9.5,12.5,19.5,1.8,41000000,1
3075,HDFC Ltd,PwC,28.5,28.3,0.075,0.0375,16.5,11.5,14.5,23.5,1.9,50000000,2
3076,Infosys Ltd,Ernst & Young,23.5,23.3,0.092,0.046,15.5,8.5,12.5,20.5,1.6,36000000,1
3077,Reliance Industries Ltd,Deloitte,27.5,27.3,0.085,0.0425,17.5,10.5,13.5,22.5,2.1,60000000,2
3078,State Bank of India,KPMG,29.5,29.3,0.07,0.035,18.5,12.5,15.5,25.5,2.3,70000000,2
3079,Hero MotoCorp Ltd,PwC,22.5,22.3,0.097,0.0485,14.5,7.5,9.5,17.5,1.4,28000000,1
3080,Bharti Enterprises Ltd,Ernst & Young,25.5,25.3,0.08,0.04,13.5,9.5,12.5,19.5,1.7,39000000,2
3081,Asian Paints Ltd,Deloitte,24.5,24.3,0.095,0.0475,11.5,6.5,8.5,16.5,1.2,25000000,1
3082,Larsen & Toubro Ltd,KPMG,26.5,26.3,0.08,0.04,15.5,8.5,11.5,21.5,1.9,37000000,2
3083,Tata Steel Ltd,PwC,28.5,28.3,0.075,0.0375,16.5,11.5,14.5,24.5,2.1,55000000,2
3084,Bharat Petroleum Corporation Ltd,Ernst & Young,23.5,23.3,0.092,0.046,15.5,8.5,12.5,20.5,1.6,34000000,1
3085,Housing Development Finance Corporation Ltd,Deloitte,27.5,27.3,0.085,0.0425,17.5,10.5,13.5,22.5,2.1,59000000,2
3086,Infosys Limited,KPMG,25.2,25.0,0.07,0.035,14.2,8.7,13.6,19.8,1.8,36000000,1
3087,Bajaj Auto Ltd,Ernst & Young,22.8,22.6,0.098,0.049,16.8,9.5,15.2,23.2,2.2,52000000,2
3088,Bharti Airtel Ltd,PwC,21.5,21.3,0.082,0.041,13.5,7.5,12.8,20.5,1.5,32000000,1
3089,Maruti Suzuki India Ltd,Deloitte,26.5,26.3,0.075,0.0375,15.5,10.5,13.5,22.5,2.1,58000000,2
3090,State Bank of India,KPMG,24.8,24.6,0.085,0.0425,12.5,6.5,9.5,21.5,1.7,39000000,1
3091,Reliance Industries Ltd,Ernst & Young,29.5,29.3,0.065,0.0325,18.5,12.5,16.5,25.5,3.1,65000000,2
3092,Hindustan Unilever Ltd,PwC,28.5,28.3,0.07,0.035,16.5,11.5,15.5,24.5,2.1,54000000,2
3093,Tata Consultancy Services Ltd,Deloitte,27.5,27.3,0.075,0.0375,17.5,10.5,14.5,22.5,2.1,57000000,2
3094,ICICI Bank Ltd,KPMG,23.5,23.3,0.082,0.041,13.5,7.5,12.8,20.5,1.5,31000000,1
3095,Tata Motors Ltd,Ernst & Young,22.8,22.6,0.098,0.049,16.8,9.5,15.2,23.2,2.2,52000000,2
3096,Infosys Ltd,Deloitte,25.5,25.3,0.08,0.038,15.5,11.5,17.5,26.5,2.3,59000000,2
3097,Bharat Petroleum Corporation Ltd,PwC,24.8,24.6,0.095,0.0475,14.5,8.5,13.5,25.5,1.8,48000000,1
3098,State Bank of India,KPMG,26.2,26.0,0.085,0.039,12.5,7.5,11.5,23.5,1.6,35000000,1
3099,Housing Development Finance Corporation Ltd,Ernst & Young,27.5,27.3,0.07,0.035,18.5,12.5,16.5,28.5,3.2,68000000,2
3100,Tata Steel Ltd,Deloitte,23.8,23.6,0.105,0.049,15.8,9.5,14.2,22.8,2.4,54000000,1
3101,Bajaj Finance Ltd,PwC,29.2,29.0,0.075,0.036,19.5,13.5,18.5,29.5,3.5,71000000,2
3102,Reliance Capital Ltd,KPMG,28.5,28.3,0.08,0.038,17.5,11.5,15.5,27.5,2.5,60000000,1
3103,HDFC Bank Ltd,Ernst & Young,26.5,26.3,0.085,0.039,14.5,8.5,13.5,24.5,1.9,45000000,1
3104,Larsen & Toubro Ltd,Deloitte,25.5,25.3,0.09,0.045,16.5,10.5,15.5,26.5,2.4,58000000,1
3105,Bajaj Finserv Ltd,PwC,27.8,27.6,0.07,0.035,18.5,12.5,16.5,29.5,3.3,69000000,2
3106,Tata Consultancy Services Ltd,PwC,30.2,30.0,0.06,0.028,20.5,14.5,19.5,31.5,4.1,82000000,2
3107,Infosys Ltd,KPMG,29.8,29.6,0.075,0.037,16.5,10.5,15.5,28.5,3.2,63000000,1
3108,Wipro Ltd,Ernst & Young,28.3,28.1,0.08,0.039,15.5,8.5,13.5,25.5,2.1,48000000,1
3109,Bharti Airtel Ltd,Deloitte,27.8,27.6,0.095,0.046,12.5,6.5,9.5,24.5,1.8,35000000,0
3110,Reliance Industries Ltd,PwC,32.5,32.3,0.05,0.024,22.5,15.5,21.5,33.5,4.7,95000000,2
3111,State Bank of India,KPMG,26.5,26.3,0.085,0.039,11.5,7.5,11.5,23.5,2.3,50000000,1
3112,HDFC Ltd,Ernst & Young,25.5,25.3,0.09,0.045,13.5,9.5,13.5,26.5,2.5,55000000,1
3113,ICICI Bank Ltd,Deloitte,24.5,24.3,0.08,0.038,10.5,6.5,9.5,24.5,1.7,32000000,0
3114,Housing Development Finance Corporation Ltd,PwC,28.5,28.3,0.07,0.035,18.5,12.5,16.5,29.5,3.3,68000000,2
3115,Tata Steel Ltd,KPMG,29.8,29.6,0.075,0.037,16.5,10.5,15.5,28.5,3.2,63000000,1
3116,Bharat Petroleum Corporation Ltd,Ernst & Young,27.5,27.3,0.082,0.04,12.5,8.5,12.5,27.5,2.5,48000000,1
3117,Indian Oil Corporation Ltd,Deloitte,26.8,26.6,0.088,0.043,14.5,9.5,14.5,26.8,2.7,52000000,1
3118,Reliance Industries Ltd,PwC,25.2,25.0,0.095,0.048,16.5,11.5,17.5,25.2,2.2,70000000,2
3119,Tata Consultancy Services Ltd,KPMG,28.5,28.3,0.07,0.035,21.5,13.5,21.5,28.5,3.3,75000000,1
3120,Bajaj Finserv Ltd,Ernst & Young,26.5,26.3,0.08,0.038,15.5,10.5,15.5,26.5,1.8,35000000,0
3121,Infosys Ltd,Deloitte,27.5,27.3,0.085,0.04,13.5,9.5,13.5,27.5,2.5,49000000,1
3122,Housing Development Finance Corporation Ltd,PwC,29.5,29.3,0.07,0.035,19.5,13.5,17.5,29.5,3.5,72000000,2
3123,Tata Steel Ltd,KPMG,30.5,30.3,0.075,0.037,17.5,11.5,16.5,30.5,3.6,78000000,1
3124,Bharat Petroleum Corporation Ltd,Ernst & Young,28.5,28.3,0.082,0.04,12.5,8.5,12.5,28.5,2.5,50000000,1
3125,Indian Oil Corporation Ltd,Deloitte,27.8,27.6,0.088,0.043,14.5,9.5,14.5,27.8,2.7,53000000,1
3126,Reliance Industries Ltd,PwC,26.5,26.3,0.065,0.03,15.5,10.5,15.5,26.5,2.6,60000000,2
3127,State Bank of India,KPMG,25.5,25.3,0.072,0.036,16.5,12.5,17.5,25.5,3.2,75000000,1
3128,Bharti Airtel Ltd,Ernst & Young,24.5,24.3,0.08,0.041,13.5,8.5,13.5,24.5,2.4,45000000,1
3129,Adani Enterprises Ltd,Deloitte,23.5,23.3,0.078,0.039,14.5,9.5,14.5,23.5,2.5,52000000,1
3130,Housing Development Finance Corporation Ltd,PwC,27.5,27.3,0.068,0.033,18.5,12.5,16.5,27.5,3.5,72000000,2
3131,Tata Consultancy Services Ltd,KPMG,29.5,29.3,0.072,0.035,17.5,10.5,15.5,29.5,3.6,78000000,1
3132,Bharat Petroleum Corporation Ltd,Ernst & Young,28.5,28.3,0.08,0.04,12.5,8.5,12.5,28.5,2.5,50000000,1
3133,Indian Oil Corporation Ltd,Deloitte,27.8,27.6,0.088,0.043,14.5,9.5,14.5,27.8,2.7,53000000,1
3134,Reliance Industries Ltd,PwC,26.5,26.3,0.065,0.03,15.5,10.5,15.5,26.5,2.6,60000000,2
3135,State Bank of India,KPMG,25.5,25.3,0.072,0.036,16.5,12.5,17.5,25.5,3.2,75000000,1
3136,Hindustan Petroleum Corporation Ltd,Ernst & Young,29.8,29.6,0.068,0.034,13.5,9.5,13.5,29.8,3.1,65000000,1
3137,Oil and Natural Gas Corporation Ltd,Deloitte,28.2,28.0,0.075,0.037,11.5,8.5,11.5,28.2,2.8,52000000,1
3138,Gas Authority of India Ltd,PwC,27.5,27.3,0.082,0.041,14.5,9.5,14.5,27.5,2.9,56000000,1
3139,Coal India Ltd,KPMG,26.5,26.3,0.06,0.03,15.5,10.5,15.5,26.5,2.7,62000000,2
3140,Bharat Heavy Electricals Ltd,Ernst & Young,25.5,25.3,0.072,0.036,16.5,12.5,17.5,25.5,3.2,76000000,1
3141,Bharat Electronics Ltd,Deloitte,24.5,24.3,0.08,0.04,14.5,9.5,14.5,24.5,2.6,54000000,1
3142,Bharat Dynamics Ltd,PwC,23.5,23.3,0.088,0.043,15.5,10.5,15.5,23.5,2.5,58000000,1
3143,Bharat Forge Ltd,KPMG,22.5,22.3,0.075,0.037,12.5,8.5,11.5,22.5,2.4,50000000,0
3144,Bharat Sanchar Nigam Ltd,Ernst & Young,21.5,21.3,0.09,0.045,13.5,9.5,13.5,21.5,2.3,55000000,1
3145,Bharat Heavy Plate and Structures Ltd,Deloitte,20.5,20.3,0.085,0.042,14.5,9.5,14.5,20.5,2.2,53000000,1
3146,Tata Motors Ltd,PwC,25.3,25.1,0.092,0.046,17.5,11.5,17.5,25.3,2.7,61000000,2
3147,Reliance Industries Ltd,KPMG,26.2,26.0,0.087,0.043,19.5,12.5,19.5,26.2,2.8,65000000,2
3148,Hindustan Petroleum Corporation Ltd,Ernst & Young,24.8,24.6,0.078,0.039,16.5,10.5,16.5,24.8,2.4,57000000,1
3149,Bharat Petroleum Corporation Ltd,Deloitte,23.9,23.7,0.083,0.041,15.5,11.5,15.5,23.9,2.3,59000000,1
3150,Coal India Ltd,PwC,22.5,22.3,0.072,0.036,14.5,8.5,12.5,22.5,2.1,51000000,0
3151,NTPC Ltd,KPMG,21.5,21.3,0.089,0.044,13.5,9.5,13.5,21.5,2.2,56000000,1
3152,RailTel Corporation of India Ltd,Ernst & Young,20.5,20.3,0.084,0.042,12.5,7.5,10.5,20.5,2.0,49000000,1
3153,Power Grid Corporation of India Ltd,Deloitte,24.2,24.0,0.076,0.038,16.5,10.5,16.5,24.2,2.5,58000000,1
3154,Bharat Heavy Electricals Ltd,PwC,25.3,25.1,0.09,0.045,18.5,12.5,18.5,25.3,2.6,62000000,2
3155,Housing and Urban Development Corporation Ltd,KPMG,23.5,23.3,0.082,0.04,15.5,11.5,15.5,23.5,2.3,55000000,1
3156,Bhel Make In India Ltd,Ernst & Young,22.5,22.3,0.088,0.044,14.5,8.5,12.5,22.5,2.1,48000000,1
3157,Power Finance Corporation Ltd,Deloitte,23.2,23.0,0.077,0.038,17.5,11.5,17.5,23.2,2.4,59000000,2
3158,Bharat Electronics Ltd,PwC,26.5,26.3,0.092,0.046,19.5,13.5,19.5,26.5,2.7,63000000,2
3159,Housing and Infrastructure Development Corporation Ltd,KPMG,27.5,27.3,0.085,0.041,16.5,12.5,16.5,27.5,2.8,57000000,1
3160,Bharat Heavy Electricals Ltd,Ernst & Young,28.5,28.3,0.086,0.04,15.5,10.5,15.5,28.5,2.9,56000000,1
3161,Power Grid Corporation of India Ltd,Deloitte,29.5,29.3,0.074,0.036,18.5,11.5,18.5,29.5,3.0,58000000,2
3162,Bharat Heavy Electricals Ltd,PwC,30.5,30.3,0.083,0.039,17.5,12.5,17.5,30.5,3.1,59000000,2
3163,Bhel Make In India Ltd,Ernst & Young,21.5,21.3,0.084,0.042,13.5,7.5,10.5,21.5,2.0,47000000,1
3164,Power Finance Corporation Ltd,Deloitte,22.5,22.3,0.075,0.037,16.5,10.5,16.5,22.5,2.3,56000000,1
3165,Bharat Electronics Ltd,PwC,23.5,23.3,0.087,0.043,14.5,8.5,12.5,23.5,2.4,48000000,1
3166,Larsen & Toubro Ltd,Deloitte,24.5,24.3,0.092,0.044,15.5,9.5,13.5,24.5,2.5,50000000,2
3167,Bharat Petroleum Corporation Ltd,PwC,25.5,25.3,0.096,0.045,12.5,7.5,11.5,25.5,2.0,49000000,1
3168,Indian Oil Corporation Ltd,Ernst & Young,26.5,26.3,0.101,0.046,11.5,6.5,10.5,26.5,1.5,46000000,1
3169,State Bank of India,Deloitte,27.5,27.3,0.106,0.047,10.5,5.5,8.5,27.5,1.0,44000000,1
3170,Hindustan Petroleum Corporation Ltd,PwC,28.5,28.3,0.111,0.048,9.5,4.5,7.5,28.5,0.5,43000000,1
3171,Reliance Industries Ltd,Ernst & Young,29.5,29.3,0.116,0.049,8.5,3.5,6.5,29.5,0.2,42000000,1
3172,Bharat Heavy Electricals Ltd,Deloitte,21.5,21.3,0.084,0.042,13.5,7.5,10.5,21.5,2.0,47000000,1
3173,Bharat Petroleum Corporation Ltd,PwC,22.5,22.3,0.075,0.037,16.5,10.5,16.5,22.5,2.3,56000000,2
3174,Bhel Make In India Ltd,Ernst & Young,23.5,23.3,0.087,0.043,14.5,8.5,12.5,23.5,2.4,48000000,1
3175,Power Finance Corporation Ltd,Deloitte,24.5,24.3,0.092,0.044,15.5,9.5,13.5,24.5,2.5,50000000,2
3176,Tata Steel Ltd,PwC,25.5,25.3,0.065,0.028,17.5,11.5,17.5,25.5,2.6,58000000,2
3177,Housing Development Finance Corporation Ltd (HDFC),Ernst & Young,26.5,26.3,0.07,0.033,18.5,12.5,18.5,26.5,2.7,60000000,2
3178,Tata Consultancy Services Ltd (TCS),Deloitte,27.5,27.3,0.055,0.021,20.5,13.5,20.5,27.5,2.8,62000000,2
3179,State Bank of India (SBI),PwC,28.5,28.3,0.045,0.018,19.5,14.5,19.5,28.5,2.9,64000000,2
3180,Infosys Ltd,Ernst & Young,29.5,29.3,0.05,0.02,21.5,15.5,21.5,29.5,3.0,66000000,2
3181,ICICI Bank Ltd,Deloitte,30.5,30.3,0.035,0.013,22.5,16.5,22.5,30.5,3.1,68000000,2
3182,Hero MotoCorp Ltd,PwC,25.5,25.3,0.065,0.028,17.5,11.5,17.5,25.5,2.6,58000000,1
3183,Bajaj Auto Ltd,Ernst & Young,26.5,26.3,0.07,0.033,18.5,12.5,18.5,26.5,2.7,60000000,1
3184,Mahindra & Mahindra Ltd,Deloitte,27.5,27.3,0.055,0.021,20.5,13.5,20.5,27.5,2.8,62000000,1
3185,Bharat Petroleum Corporation Ltd,PwC,28.5,28.3,0.045,0.018,19.5,14.5,19.5,28.5,2.9,64000000,1
3186,Tata Consultancy Services Ltd,Ernst & Young,29.5,29.3,0.03,0.011,23.5,17.5,23.5,29.5,3.0,66000000,2
3187,Infosys Ltd,Deloitte,23.5,23.3,0.06,0.024,15.5,10.5,15.5,23.5,2.5,54000000,1
3188,Reliance Industries Ltd,PwC,24.5,24.3,0.075,0.031,16.5,11.5,16.5,24.5,2.6,61000000,1
3189,Housing Development Finance Corporation Ltd,Ernst & Young,25.5,25.3,0.05,0.02,21.5,15.5,21.5,25.5,2.7,63000000,1
3190,State Bank of India,PwC,26.5,26.3,0.04,0.015,18.5,12.5,18.5,26.5,2.8,65000000,1
3191,Tata Motors Ltd,Deloitte,27.5,27.3,0.065,0.027,17.5,13.5,17.5,27.5,2.9,59000000,1
3192,Bharti Airtel Ltd,Ernst & Young,28.5,28.3,0.045,0.018,19.5,14.5,19.5,28.5,3.0,67000000,1
3193,Larsen & Toubro Ltd,Deloitte,29.5,29.3,0.03,0.011,23.5,17.5,23.5,29.5,3.1,68000000,2
3194,Bajaj Finserv Ltd,PwC,23.5,23.3,0.055,0.021,16.5,10.5,16.5,23.5,2.5,55000000,1
3195,Tata Power Ltd,Ernst & Young,24.5,24.3,0.07,0.029,15.5,11.5,15.5,24.5,2.6,58000000,1
3196,Housing Development Finance Corporation (HDFC),Deloitte,25.5,25.3,0.05,0.02,21.5,12.5,21.5,25.5,2.7,62000000,2
3197,State Bank of India (SBI),Ernst & Young,26.5,26.3,0.04,0.017,18.5,13.5,18.5,26.5,3.2,70000000,1
3198,Reliance Industries Ltd,PwC,27.5,27.3,0.035,0.015,25.5,18.5,25.5,27.5,3.3,75000000,2
3199,Bharti Enterprises Ltd,Deloitte,22.5,22.3,0.06,0.023,14.5,10.5,14.5,22.5,2.3,50000000,1
3200,Tata Consultancy Services Ltd,Ernst & Young,23.5,23.3,0.045,0.019,20.5,15.5,20.5,23.5,2.8,65000000,2
3201,Infosys Ltd,PwC,24.5,24.3,0.055,0.022,17.5,11.5,17.5,24.5,2.4,53000000,1
3202,Wipro Ltd,Deloitte,21.5,21.3,0.065,0.024,13.5,9.5,13.5,21.5,2.2,48000000,0
3203,Tata Steel Ltd,Ernst & Young,26.5,26.3,0.04,0.017,19.5,14.5,19.5,26.5,3.1,72000000,2
3204,Bajaj Finance Ltd,PwC,25.5,25.3,0.05,0.02,22.5,15.5,22.5,25.5,2.9,68000000,2
3205,HDFC Bank Ltd,Deloitte,27.5,27.3,0.045,0.018,24.5,17.5,24.5,27.5,3.3,80000000,2
3206,Reliance Industries Ltd,Ernst & Young,23.5,23.3,0.07,0.028,16.5,10.5,16.5,23.5,2.1,56000000,1
3207,Hindustan Unilever Ltd,PwC,22.5,22.3,0.055,0.023,15.5,9.5,15.5,22.5,2.6,62000000,2
3208,State Bank of India,Deloitte,28.5,28.3,0.035,0.012,18.5,12.5,18.5,28.5,3.6,84000000,2
3209,Tata Consultancy Services Ltd,Ernst & Young,24.5,24.3,0.06,0.025,14.5,11.5,14.5,24.5,2.8,60000000,1
3210,Bharat Petroleum Corporation Ltd,PwC,27.5,27.3,0.045,0.018,19.5,15.5,19.5,27.5,3.4,78000000,2
3211,Icici Bank Ltd,Deloitte,26.5,26.3,0.05,0.02,21.5,16.5,21.5,26.5,2.7,65000000,1
3212,Airtel Ltd,Ernst & Young,25.5,25.3,0.065,0.027,12.5,8.5,12.5,25.5,2.3,49000000,0
3213,Maruti Suzuki India Ltd,PwC,21.5,21.3,0.075,0.03,10.5,6.5,10.5,21.5,1.9,45000000,0
3214,Hero MotoCorp Ltd,Deloitte,29.5,29.3,0.03,0.011,17.5,13.5,17.5,29.5,3.7,86000000,2
3215,Bajaj Auto Ltd,Ernst & Young,24.5,24.3,0.06,0.025,15.5,11.5,15.5,24.5,2.8,61000000,1
3216,Infosys Ltd,Deloitte,22.5,22.3,0.08,0.031,18.5,12.5,18.5,22.5,2.6,70000000,1
3217,Tata Consultancy Services Ltd,Ernst & Young,28.5,28.3,0.04,0.015,16.5,14.5,16.5,28.5,3.3,90000000,2
3218,Wipro Ltd,PwC,27.5,27.3,0.07,0.028,14.5,10.5,14.5,27.5,2.1,55000000,1
3219,HCL Technologies Ltd,Deloitte,25.5,25.3,0.09,0.034,13.5,9.5,13.5,25.5,1.8,42000000,0
3220,Tech Mahindra Ltd,Ernst & Young,30.5,30.3,0.05,0.017,19.5,15.5,19.5,30.5,3.9,105000000,2
3221,Cognizant Technology Solutions Corp Ltd,PwC,23.5,23.3,0.065,0.024,17.5,13.5,17.5,23.5,2.9,68000000,1
3222,Persistent Systems Ltd,Deloitte,26.5,26.3,0.055,0.019,15.5,11.5,15.5,26.5,2.5,52000000,1
3223,Mphasis Ltd,Ernst & Young,29.5,29.3,0.045,0.016,16.5,14.5,16.5,29.5,3.4,95000000,2
3224,Zensar Technologies Ltd,PwC,24.5,24.3,0.075,0.029,13.5,9.5,13.5,24.5,1.7,38000000,0
3225,HCL Infosystems Ltd,Deloitte,27.5,27.3,0.085,0.032,12.5,8.5,12.5,27.5,2.4,48000000,1
3226,Infosys Limited,Ernst & Young,25.5,25.3,0.06,0.023,18.5,12.5,16.5,25.5,3.2,80000000,2
3227,Tata Consultancy Services Ltd,KPMG,28.5,28.3,0.05,0.018,19.5,15.5,18.5,28.5,4.1,110000000,2
3228,Wipro Ltd,PwC,22.5,22.3,0.07,0.028,14.5,10.5,14.5,22.5,1.6,35000000,1
3229,Tech Mahindra Ltd,Deloitte,21.5,21.3,0.08,0.03,15.5,11.5,15.5,21.5,2.3,50000000,1
3230,Larsen & Toubro Infotech Ltd,Ernst & Young,27.5,27.3,0.05,0.017,16.5,13.5,17.5,27.5,3.8,105000000,2
3231,Cyient Ltd,KPMG,26.5,26.3,0.07,0.027,13.5,9.5,13.5,26.5,1.5,32000000,1
3232,HCL Technologies Ltd,PwC,24.5,24.3,0.06,0.022,17.5,12.5,16.5,24.5,2.9,70000000,2
3233,Ness Digital Engineering Ltd,Deloitte,23.5,23.3,0.08,0.031,12.5,8.5,12.5,23.5,2.1,40000000,1
3234,Mindtree Ltd,Ernst & Young,29.5,29.3,0.04,0.015,16.5,14.5,16.5,29.5,3.5,100000000,2
3235,Persistent Systems Ltd,KPMG,25.5,25.3,0.06,0.023,18.5,12.5,16.5,25.5,3.2,85000000,2
3236,Infosys Limited,PwC,27.5,27.3,0.05,0.02,14.5,10.5,15.5,27.5,2.8,50000000,1
3237,Tata Consultancy Services Ltd,Deloitte,28.5,28.3,0.04,0.018,15.5,11.5,17.5,28.5,3.6,120000000,2
3238,Wipro Ltd,Ernst & Young,26.5,26.3,0.07,0.027,13.5,9.5,13.5,26.5,1.5,32000000,1
3239,Cognizant Technology Solutions Corporation,KPMG,25.5,25.3,0.06,0.023,18.5,12.5,16.5,25.5,3.2,85000000,2
3240,Tech Mahindra Limited,PwC,24.5,24.3,0.08,0.031,12.5,8.5,12.5,24.5,2.1,40000000,1
3241,HCL Technologies Ltd,Deloitte,23.5,23.3,0.06,0.022,17.5,14.5,16.5,23.5,2.9,70000000,2
3242,Mindtree Ltd,Ernst & Young,29.5,29.3,0.04,0.015,16.5,15.5,18.5,29.5,3.5,100000000,2
3243,Persistent Systems Ltd,KPMG,25.5,25.3,0.06,0.023,18.5,12.5,16.5,25.5,3.2,85000000,2
3244,Infosys BPO Limited,PwC,27.5,27.3,0.05,0.02,14.5,10.5,15.5,27.5,2.8,50000000,1
3245,Wipro Limited,Deloitte,26.5,26.3,0.07,0.024,15.5,13.5,17.5,26.5,3.1,90000000,2
3246,Cognizant Technology Solutions Corporation,Ernst & Young,28.5,28.3,0.05,0.018,19.5,16.5,20.5,28.5,4.2,110000000,2
3247,Happiest Minds Technologies Limited,KPMG,24.5,24.3,0.09,0.033,11.5,9.5,13.5,24.5,2.4,35000000,1
3248,Ness Digital Engineering Inc.,PwC,25.5,25.3,0.06,0.022,16.5,13.5,17.5,25.5,3.4,80000000,2
3249,Tata Consultancy Services Limited,Deloitte,30.5,30.3,0.04,0.015,17.5,15.5,19.5,30.5,4.5,120000000,2
3250,Zensar Technologies Limited,Ernst & Young,27.5,27.3,0.07,0.025,14.5,11.5,15.5,27.5,2.9,65000000,1
3251,Larsen & Toubro Infotech Limited,KPMG,29.5,29.3,0.05,0.02,18.5,17.5,21.5,29.5,3.8,100000000,2
3252,Mphasis Limited,PwC,25.5,25.3,0.06,0.022,15.5,14.5,18.5,25.5,3.3,75000000,2
3253,Birlasoft Limited,Deloitte,26.5,26.3,0.08,0.03,12.5,10.5,14.5,26.5,2.7,40000000,1
3254,Atos Syntel Limited,Ernst & Young,24.5,24.3,0.07,0.025,13.5,12.5,16.5,24.5,2.6,55000000,1
3255,Tata Consultancy Services,KPMG,28.5,28.3,0.04,0.015,16.5,13.5,17.5,28.5,3.5,90000000,2
3256,Infosys Limited,PwC,27.5,27.3,0.06,0.02,17.5,15.5,20.5,27.5,3.9,110000000,2
3257,Wipro Limited,Deloitte,26.5,26.3,0.05,0.018,15.5,12.5,16.5,26.5,3.1,60000000,1
3258,HCL Technologies Limited,Ernst & Young,25.5,25.3,0.07,0.023,14.5,11.5,15.5,25.5,2.8,45000000,1
3259,Mahindra Satyam Limited,KPMG,24.5,24.3,0.08,0.03,13.5,10.5,14.5,24.5,2.5,35000000,0
3260,Tech Mahindra Limited,PwC,23.5,23.3,0.09,0.032,12.5,9.5,13.5,23.5,2.3,25000000,0
3261,Cognizant Technology Solutions Corporation,Deloitte,22.5,22.3,0.1,0.04,11.5,8.5,12.5,22.5,2.1,15000000,0
3262,Persistent Systems Limited,Ernst & Young,21.5,21.3,0.11,0.045,10.5,7.5,11.5,21.5,1.9,10000000,0
3263,Ness Digital Engineering Limited,KPMG,20.5,20.3,0.12,0.05,9.5,6.5,10.5,20.5,1.7,5000000,0
3264,Virtusa Corporation,PwC,19.5,19.3,0.13,0.055,8.5,5.5,9.5,19.5,1.5,0,0
3265,Infosys Limited,Deloitte,24.5,24.3,0.08,0.028,13.5,10.5,15.5,24.5,2.4,28000000,2
3266,Wipro Limited,Ernst & Young,23.5,23.3,0.09,0.032,12.5,9.5,13.5,23.5,2.3,25000000,2
3267,HCL Technologies Limited,KPMG,22.5,22.3,0.1,0.04,11.5,8.5,12.5,22.5,2.1,15000000,1
3268,Mphasis Limited,PwC,21.5,21.3,0.11,0.045,10.5,7.5,11.5,21.5,1.9,10000000,1
3269,Larsen & Toubro Infotech Limited,Deloitte,20.5,20.3,0.12,0.05,9.5,6.5,10.5,20.5,1.7,5000000,1
3270,Zensar Technologies Limited,Ernst & Young,19.5,19.3,0.13,0.055,8.5,5.5,9.5,19.5,1.5,0,0
3271,Mindtree Limited,KPMG,25.5,25.3,0.07,0.025,14.5,11.5,16.5,25.5,2.5,30000000,2
3272,HCL Infosystems Limited,Deloitte,24.5,24.3,0.085,0.03,13.5,10.5,15.5,24.5,2.4,28000000,2
3273,Tech Mahindra Limited,Ernst & Young,23.5,23.3,0.09,0.032,12.5,9.5,13.5,23.5,2.3,25000000,1
3274,Cognizant Technology Solutions Corporation,KPMG,22.5,22.3,0.1,0.04,11.5,8.5,12.5,22.5,2.1,15000000,1
3275,Infosys Limited,Deloitte,21.5,21.3,0.11,0.045,10.5,7.5,11.5,21.5,2.1,12000000,1
3276,Wipro Limited,Ernst & Young,20.5,20.3,0.12,0.05,9.5,6.5,10.5,20.5,1.9,9000000,1
3277,Tata Consultancy Services Limited,KPMG,19.5,19.3,0.135,0.057,8.5,5.5,8.5,19.5,1.5,0,0
3278,Larsen & Toubro Infotech Limited,Deloitte,18.5,18.3,0.14,0.058,7.5,4.5,6.5,18.5,1.3,-1000000,0
3279,HCL Technologies Limited,Ernst & Young,17.5,17.3,0.15,0.06,6.5,3.5,5.5,17.5,1.1,-2000000,0
3280,Mphasis Limited,KPMG,16.5,16.3,0.16,0.062,5.5,2.5,4.5,16.5,0.9,-3000000,0
3281,Persistent Systems Limited,Deloitte,15.5,15.3,0.17,0.064,4.5,1.5,3.5,15.5,0.7,-4000000,0
3282,Birlasoft Limited,Ernst & Young,14.5,14.3,0.18,0.066,3.5,0.5,2.5,14.5,0.5,-5000000,0
3283,Ness Digital Engineering Limited,KPMG,13.5,13.3,0.19,0.068,2.5,-0.5,1.5,13.5,0.3,-6000000,0
3284,Ramco Systems Limited,Deloitte,12.5,12.3,0.2,0.07,1.5,-1.5,0.5,12.5,0.1,-7000000,0
3285,Infosys Limited,KPMG,17.5,17.3,0.14,0.058,10.5,3.5,8.5,17.5,0.6,-2000000,2
3286,TCS Limited,Deloitte,18.5,18.3,0.12,0.054,12.5,4.5,9.5,18.5,0.7,-1500000,2
3287,HCL Technologies Limited,Ernst & Young,19.5,19.3,0.11,0.05,11.5,5.5,10.5,19.5,0.8,-1000000,2
3288,Wipro Limited,KPMG,16.5,16.3,0.16,0.062,5.5,2.5,4.5,16.5,0.9,-3000000,1
3289,Mphasis Limited,Deloitte,15.5,15.3,0.17,0.064,4.5,1.5,3.5,15.5,0.7,-4000000,0
3290,Persistent Systems Limited,Ernst & Young,14.5,14.3,0.18,0.066,3.5,0.5,2.5,14.5,0.5,-5000000,0
3291,Birlasoft Limited,KPMG,13.5,13.3,0.19,0.068,2.5,-0.5,1.5,13.5,0.3,-6000000,0
3292,Ness Digital Engineering Limited,Deloitte,12.5,12.3,0.2,0.07,1.5,-1.5,0.5,12.5,0.1,-7000000,0
3293,Ramco Systems Limited,Ernst & Young,11.5,11.3,0.21,0.072,0.5,-2.5,-0.5,11.5,0.05,-8000000,0
3294,Tech Mahindra Limited,KPMG,10.5,10.3,0.22,0.074,-0.5,-3.5,-2.5,10.5,0.02,-9000000,0
3295,Infosys Limited,Deloitte,14.5,14.3,0.18,0.067,2.3,1.5,1.2,14.5,0.31,-6500000,2
3296,HCL Technologies Limited,Ernst & Young,13.5,13.3,0.2,0.07,1.8,-0.5,0.7,13.5,0.12,-7500000,1
3297,Wipro Limited,KPMG,15.5,15.3,0.17,0.065,2.8,2.0,1.8,15.5,0.35,-5000000,2
3298,Tata Consultancy Services Limited,Deloitte,16.5,16.3,0.16,0.063,3.2,3.5,2.5,16.5,0.4,-4000000,2
3299,Larsen & Toubro Infotech Limited,Ernst & Young,17.5,17.3,0.15,0.06,1.2,-1.5,-0.2,17.5,0.18,-8000000,0
3300,Mphasis Limited,KPMG,18.5,18.3,0.14,0.058,2.1,1.0,1.5,18.5,0.25,-6000000,1
3301,Persistent Systems Limited,Deloitte,12.5,12.3,0.21,0.072,1.5,-1.5,0.5,12.5,0.1,-7000000,0
3302,Zensar Technologies Limited,Ernst & Young,11.5,11.3,0.22,0.074,0.5,-2.5,-0.5,11.5,0.05,-8000000,0
3303,Birlasoft Limited,KPMG,13.5,13.3,0.19,0.068,2.5,-0.5,1.5,13.5,0.3,-6000000,2
3304,Ness Digital Engineering Limited,Deloitte,12.5,12.3,0.2,0.07,1.5,-1.5,0.5,12.5,0.1,-7000000,1
3305,Tech Mahindra Limited,Ernst & Young,15.5,15.3,0.17,0.061,1.8,-0.2,1.3,15.5,0.35,-5000000,2
3306,HCL Technologies Limited,KPMG,14.5,14.3,0.18,0.066,2.2,-0.8,1.2,14.5,0.4,-7000000,1
3307,Infosys Limited,Deloitte,16.5,16.3,0.15,0.057,1.9,-0.5,1.4,16.5,0.45,-6000000,2
3308,Wipro Limited,Ernst & Young,13.5,13.3,0.2,0.074,1.2,-1.5,0.4,13.5,0.15,-8000000,0
3309,Tata Consultancy Services Limited,KPMG,17.5,17.3,0.12,0.048,2.3,-0.3,1.1,17.5,0.5,-7000000,1
3310,Cognizant Technology Solutions Corporation Limited,Deloitte,14.5,14.3,0.19,0.071,1.6,-0.8,0.6,14.5,0.2,-6000000,2
3311,Mahindra Satyam Limited,Ernst & Young,12.5,12.3,0.21,0.075,0.5,-1.5,-0.5,12.5,0.05,-8000000,0
3312,Larsen & Toubro Infotech Limited,KPMG,13.5,13.3,0.18,0.069,1.7,-0.2,1.3,13.5,0.4,-5000000,2
3313,HCL Technologies Limited,Deloitte,15.5,15.3,0.16,0.055,2.1,-0.5,1.2,15.5,0.55,-7000000,1
3314,Infosys Limited,Ernst & Young,14.5,14.3,0.14,0.049,1.8,-0.3,1.1,14.5,0.6,-6000000,2
3315,Tata Consultancy Services Limited,KPMG,11.5,11.3,0.23,0.083,0.8,-0.7,-0.2,11.5,0.35,-9000000,1
3316,Wipro Limited,Deloitte,12.5,12.3,0.22,0.078,1.5,-0.4,0.8,12.5,0.5,-5000000,2
3317,HCL Infosystems Limited,Ernst & Young,10.5,10.3,0.25,0.09,1.2,-0.6,-0.1,10.5,0.2,-3000000,0
3318,Bharti Airtel Limited,KPMG,16.5,16.3,0.19,0.062,2.3,-1.2,1.5,16.5,0.7,-6000000,2
3319,Reliance Industries Limited,Deloitte,18.5,18.3,0.15,0.05,3.1,-0.8,1.7,18.5,0.85,-10000000,1
3320,State Bank of India,Ernst & Young,20.5,20.3,0.13,0.048,0.9,-1.5,-0.3,20.5,0.95,-8000000,2
3321,Bharat Petroleum Corporation Limited,KPMG,13.5,13.3,0.2,0.07,1.6,-0.5,0.9,13.5,0.45,-4000000,2
3322,Ion Exchange India Limited,Deloitte,14.5,14.3,0.17,0.065,2.2,-0.3,1.4,14.5,0.65,-7000000,1
3323,Grasim Industries Limited,Ernst & Young,15.5,15.3,0.16,0.053,2.4,-0.4,1.3,15.5,0.75,-8000000,2
3324,Adani Enterprises Limited,KPMG,17.5,17.3,0.14,0.046,3.3,-1.0,1.6,17.5,0.9,-12000000,1
3325,Tata Steel Limited,Deloitte,12.8,12.6,0.19,0.071,1.9,-0.7,1.1,12.8,0.5,-5000000,2
3326,Bajaj Auto Limited,Ernst & Young,14.2,14.0,0.15,0.056,2.5,-0.2,1.6,14.2,0.75,-6000000,1
3327,Hindustan Unilever Limited,KPMG,16.5,16.3,0.12,0.039,2.8,-0.1,1.8,16.5,0.8,-3000000,2
3328,Reliance Industries Limited,Deloitte,18.3,18.1,0.11,0.033,3.6,-0.9,1.9,18.3,0.95,-15000000,1
3329,Tata Motors Limited,Ernst & Young,15.8,15.6,0.18,0.064,2.2,-0.6,1.2,15.8,0.65,-4000000,2
3330,State Bank of India,KPMG,13.9,13.7,0.21,0.077,1.4,-0.8,1.3,13.9,0.45,-2000000,1
3331,Housing Development Finance Corporation Limited,Deloitte,14.7,14.5,0.16,0.057,2.1,-0.3,1.5,14.7,0.7,-5000000,2
3332,Oil and Natural Gas Corporation Limited,Ernst & Young,17.1,16.9,0.13,0.041,1.8,-0.5,1.4,17.1,0.85,-2500000,1
3333,Coal India Limited,KPMG,15.6,15.4,0.17,0.06,1.6,-0.4,1.3,15.6,0.55,-3000000,2
3334,Bharat Heavy Electricals Limited,Deloitte,12.9,12.7,0.2,0.07,1.1,-0.9,1.1,12.9,0.35,-1000000,1
3335,Tata Steel Limited,KPMG,13.4,13.2,0.19,0.063,1.4,-0.6,1.2,13.4,0.4,-2000000,1
3336,Bharti Airtel Limited,Ernst & Young,11.8,11.6,0.21,0.074,1.9,-0.8,1.3,11.8,0.25,-3000000,0
3337,Indian Oil Corporation Limited,Deloitte,14.5,14.3,0.14,0.048,1.7,-0.2,1.5,14.5,0.6,-4000000,1
3338,Reliance Industries Limited,KPMG,16.2,16.0,0.1,0.033,2.2,-0.1,1.7,16.2,0.8,-6000000,2
3339,State Bank of India,Ernst & Young,15.9,15.7,0.18,0.061,1.5,-0.3,1.4,15.9,0.5,-3500000,1
3340,Hindustan Unilever Limited,Deloitte,12.6,12.4,0.23,0.08,1.3,-0.7,1.2,12.6,0.3,-1500000,1
3341,Tata Consultancy Services Limited,KPMG,13.9,13.7,0.15,0.05,2.0,-0.5,1.4,13.9,0.7,-4500000,1
3342,Infosys Limited,Ernst & Young,11.3,11.1,0.24,0.084,1.8,-0.9,1.3,11.3,0.2,-2500000,0
3343,Larsen & Toubro Limited,Deloitte,14.8,14.6,0.12,0.04,1.6,-0.4,1.5,14.8,0.5,-3000000,1
3344,HDFC Bank Limited,KPMG,17.6,17.4,0.1,0.033,2.3,-0.1,1.8,17.6,0.9,-7000000,2
3345,Bharat Petroleum Corporation Limited,Ernst & Young,12.5,12.3,0.22,0.076,1.9,-0.8,1.2,12.5,0.3,-2000000,1
3346,State Bank of India,Deloitte,15.7,15.5,0.17,0.056,1.5,-0.3,1.4,15.7,0.6,-5000000,1
3347,Reliance Industries Limited,KPMG,18.9,18.7,0.1,0.033,2.5,-0.2,1.9,18.9,0.8,-8000000,2
3348,Housing Development Finance Corporation Limited,Ernst & Young,16.8,16.6,0.14,0.046,2.1,-0.5,1.6,16.8,0.7,-6000000,1
3349,Oil and Natural Gas Corporation Limited,Deloitte,14.2,14.0,0.25,0.085,1.7,-1.1,1.1,14.2,0.4,-3000000,0
3350,Bharti Airtel Limited,KPMG,13.4,13.2,0.28,0.094,1.4,-1.3,1.0,13.4,0.3,-4000000,0
3351,Indian Oil Corporation Limited,Ernst & Young,11.9,11.7,0.32,0.105,1.6,-0.9,1.2,11.9,0.2,-2500000,0
3352,Coal India Limited,Deloitte,17.1,16.9,0.18,0.058,1.3,-0.6,1.3,17.1,0.7,-4500000,1
3353,Gas Authority of India Limited,KPMG,19.8,19.6,0.13,0.04,2.2,-0.4,1.7,19.8,0.9,-7000000,2
3354,Power Grid Corporation of India Limited,Ernst & Young,14.5,14.3,0.21,0.072,1.8,-1.2,1.1,14.5,0.5,-5500000,0
3355,Tata Steel Limited,Deloitte,15.2,15.0,0.2,0.065,1.9,-0.5,1.4,15.2,0.6,-3500000,1
3356,Hindustan Unilever Limited,KPMG,18.7,18.5,0.12,0.038,2.4,-0.1,1.6,18.7,0.8,-8000000,2
3357,Bharti Airtel Limited,Ernst & Young,12.9,12.7,0.33,0.111,0.8,-1.1,1.0,12.9,0.4,-4000000,0
3358,Reliance Industries Limited,Deloitte,13.4,13.2,0.18,0.06,1.7,-0.8,1.5,13.4,0.7,-6000000,1
3359,State Bank of India,KPMG,16.6,16.4,0.24,0.084,1.5,-0.9,1.2,16.6,0.6,-5000000,0
3360,Oil and Natural Gas Corporation Limited,Ernst & Young,14.1,13.9,0.28,0.104,1.4,-0.6,1.3,14.1,0.5,-4500000,0
3361,Bharat Heavy Electricals Limited,Deloitte,17.3,17.1,0.16,0.053,1.2,-0.3,1.4,17.3,0.9,-7500000,1
3362,Larsen & Toubro Limited,KPMG,13.6,13.4,0.26,0.092,1.6,-0.7,1.1,13.6,0.5,-3000000,0
3363,Natural Gas Corporation of India Limited,Ernst & Young,11.5,11.3,0.4,0.135,1.1,-1.2,1.0,11.5,0.4,-2000000,0
3364,Indian Oil Corporation Limited,Deloitte,10.1,9.9,0.52,0.2,0.9,-1.3,1.2,10.1,0.3,-1500000,0
3365,Reliance Industries Limited,KPMG,14.9,14.7,0.19,0.068,1.8,-0.1,1.3,14.9,0.7,-6000000,2
3366,Tata Consultancy Services Limited,Ernst & Young,12.6,12.4,0.34,0.114,2.2,-0.4,1.6,12.6,0.6,-4000000,1
3367,Bharti Airtel Limited,Deloitte,15.8,15.6,0.2,0.07,1.3,-0.2,1.5,15.8,0.8,-5000000,2
3368,Hindustan Petroleum Corporation Limited,KPMG,13.3,13.1,0.58,0.22,0.8,-1.1,1.1,13.3,0.4,-2000000,0
3369,Bajaj Auto Limited,Ernst & Young,16.4,16.2,0.22,0.08,1.4,-0.1,1.6,16.4,0.9,-8000000,1
3370,State Bank of India,Deloitte,14.2,14.0,0.26,0.1,1.5,-0.3,1.4,14.2,0.7,-7000000,2
3371,Tata Motors Limited,KPMG,11.9,11.7,0.44,0.16,0.6,-1.2,1.2,11.9,0.4,-2500000,0
3372,Mahindra & Mahindra Limited,Ernst & Young,14.5,14.3,0.36,0.13,1.9,-0.1,1.5,14.5,0.8,-6000000,1
3373,Hero MotoCorp Limited,Deloitte,13.1,12.9,0.31,0.12,1.1,-0.2,1.4,13.1,0.7,-5000000,1
3374,Power Grid Corporation of India Limited,KPMG,12.4,12.2,0.55,0.22,0.7,-1.1,1.1,12.4,0.5,-3000000,0
3375,Reliance Industries Limited,Ernst & Young,15.2,15.0,0.38,0.14,0.9,-0.5,1.7,15.2,0.9,-8000000,2
3376,Bharat Petroleum Corporation Limited,Deloitte,16.1,15.9,0.33,0.12,1.4,-0.3,1.8,16.1,0.7,-4000000,1
3377,Bharti Airtel Limited,KPMG,14.9,14.7,0.42,0.18,0.6,-1.4,1.3,14.9,0.6,-2000000,0
3378,State Bank of India,Ernst & Young,17.8,17.6,0.28,0.11,0.8,-0.1,1.9,17.8,0.8,-1000000,1
3379,Oil and Natural Gas Corporation Limited,Deloitte,13.5,13.3,0.45,0.2,0.5,-1.3,1.2,13.5,0.5,-5000000,0
3380,Adani Enterprises Limited,KPMG,14.6,14.4,0.35,0.15,0.7,-0.6,1.6,14.6,0.7,-6000000,1
3381,Hindustan Petroleum Corporation Limited,Ernst & Young,15.3,15.1,0.37,0.14,1.2,-0.4,1.8,15.3,0.7,-4000000,1
3382,National Thermal Power Corporation Limited,Deloitte,12.7,12.5,0.53,0.23,0.6,-1.5,1.0,12.7,0.5,-3000000,0
3383,Coal India Limited,KPMG,16.9,16.7,0.27,0.11,0.9,-0.2,1.9,16.9,0.8,-2000000,1
3384,Indian Oil Corporation Limited,Ernst & Young,18.1,17.9,0.25,0.1,0.7,-0.1,1.8,18.1,0.8,-1500000,1
3385,Tata Steel Limited,Deloitte,17.6,17.4,0.42,0.2,1.5,-0.3,1.1,17.6,0.6,-5000000,1
3386,Reliance Industries Limited,KPMG,14.2,14.0,0.78,0.37,1.8,-1.2,1.2,14.2,0.3,-2500000,0
3387,Bharat Petroleum Corporation Limited,Ernst & Young,13.9,13.7,0.38,0.16,0.8,-0.1,1.7,13.9,0.7,-1000000,1
3388,Oil and Natural Gas Corporation Limited,Deloitte,11.4,11.2,0.6,0.28,0.4,-1.8,0.8,11.4,0.4,-1000000,0
3389,Gas Authority of India Limited,KPMG,19.8,19.6,0.11,0.05,0.5,-0.5,1.6,19.8,0.9,-3000000,1
3390,Bharti Airtel Limited,Ernst & Young,12.1,11.9,0.58,0.29,0.6,-1.3,0.9,12.1,0.5,-2000000,0
3391,State Bank of India,Deloitte,20.3,20.1,0.22,0.11,0.3,-0.2,1.5,20.3,0.8,-1500000,1
3392,HDFC Bank Limited,KPMG,15.5,15.3,0.45,0.23,1.1,-0.1,1.4,15.5,0.6,-4000000,1
3393,ICICI Bank Limited,Ernst & Young,16.8,16.6,0.47,0.24,1.2,-0.3,1.3,16.8,0.7,-3000000,1
3394,Tata Motors Limited,Deloitte,14.5,14.3,0.62,0.31,0.7,-1.5,0.6,14.5,0.4,-1000000,0
3395,Infosys Limited,KPMG,19.8,19.6,0.35,0.18,0.4,0.8,1.2,19.8,0.5,2000000,2
3396,Hindustan Unilever Limited,Ernst & Young,22.1,21.9,0.4,0.2,0.1,-0.5,1.6,22.1,0.6,-1500000,1
3397,Bajaj Finance Limited,Deloitte,18.9,18.7,0.53,0.27,0.9,-1.2,1.1,18.9,0.3,-500000,0
3398,Reliance Industries Limited,KPMG,24.3,24.1,0.5,0.25,1.2,-0.8,1.3,24.3,0.4,-3000000,1
3399,Asian Paints Limited,Ernst & Young,21.5,21.3,0.55,0.28,0.8,-0.4,1.4,21.5,0.6,-1000000,1
3400,Hero MotoCorp Limited,Deloitte,17.6,17.4,0.67,0.34,1.1,-1.3,0.9,17.6,0.3,-200000,0
3401,Bharti Airtel Limited,KPMG,16.2,16.0,0.75,0.38,0.6,-1.1,0.7,16.2,0.4,-1500000,1
3402,Tata Consultancy Services Limited,Ernst & Young,20.7,20.5,0.38,0.19,0.5,0.5,1.1,20.7,0.5,1000000,2
3403,Tata Steel Limited,Deloitte,15.8,15.6,0.7,0.35,0.4,-0.6,1.2,15.8,0.5,-2000000,1
3404,Maruti Suzuki India Limited,KPMG,14.9,14.7,0.82,0.41,0.9,-1.0,0.8,14.9,0.4,-3000000,0
3405,Infosys Limited,Ernst & Young,18.9,18.7,0.53,0.26,0.7,0.3,1.3,18.9,0.6,500000,2
3406,Reliance Industries Limited,Deloitte,19.5,19.3,0.48,0.24,1.2,0.2,1.5,19.5,0.7,1500000,2
3407,Wipro Limited,KPMG,17.4,17.2,0.62,0.31,0.5,0.6,1.2,17.4,0.5,2000000,1
3408,Larsen & Toubro Limited,Ernst & Young,16.1,15.9,0.67,0.33,0.3,0.1,1.6,16.1,0.6,1000000,2
3409,Housing Development Finance Corporation Limited,Deloitte,14.6,14.4,0.78,0.39,0.2,0.4,1.7,14.6,0.4,-500000,1
3410,State Bank of India,KPMG,15.9,15.7,0.55,0.27,0.1,-0.2,1.4,15.9,0.5,-2000000,0
3411,Bajaj Auto Limited,Ernst & Young,17.8,17.6,0.65,0.32,0.8,-0.8,1.1,17.8,0.6,3000000,2
3412,Tata Motors Limited,Deloitte,16.3,16.1,0.73,0.36,0.1,-0.6,1.3,16.3,0.5,-1000000,1
3413,Bharti Airtel Limited,KPMG,15.1,14.9,0.8,0.4,0.7,-1.1,0.8,15.1,0.4,-1500000,0
3414,Reliance Industries Limited,Ernst & Young,18.2,18.0,0.46,0.23,1.3,0.2,1.6,18.2,0.7,1200000,2
3415,Infosys Limited,Deloitte,14.5,14.3,0.58,0.29,0.4,-0.3,1.2,14.5,0.6,-500000,1
3416,HDFC Bank Limited,KPMG,19.1,18.9,0.48,0.24,0.6,-0.1,1.5,19.1,0.8,-3000000,2
3417,Hindustan Unilever Limited,Ernst & Young,16.8,16.6,0.6,0.3,0.1,0.5,1.8,16.8,0.5,-1000000,1
3418,Ashok Leyland Limited,Deloitte,13.9,13.7,0.76,0.4,0.3,-0.5,0.6,13.9,0.3,-2000000,0
3419,Dr. Reddy's Laboratories Limited,KPMG,17.4,17.2,0.52,0.26,0.9,-0.4,1.1,17.4,0.7,500000,2
3420,Hero MotoCorp Limited,Ernst & Young,12.6,12.4,0.67,0.33,0.2,-0.8,0.9,12.6,0.4,-1500000,0
3421,Bajaj Finance Limited,Deloitte,15.3,15.1,0.63,0.31,1.1,-0.6,1.7,15.3,0.6,-800000,1
3422,Grasim Industries Limited,KPMG,18.7,18.5,0.44,0.22,0.5,0.3,1.4,18.7,0.7,-1000000,1
3423,Sun Pharmaceutical Industries Limited,Ernst & Young,14.9,14.7,0.59,0.29,0.6,-0.2,1.3,14.9,0.6,-2500000,0
3424,Larsen & Toubro Limited,Deloitte,17.6,17.4,0.51,0.25,0.3,0.4,1.9,17.6,0.7,-500000,1
3425,Reliance Industries Limited,KPMG,13.2,13.0,0.57,0.28,0.7,-0.4,1.8,13.2,0.6,-3000000,1
3426,Tata Consultancy Services Limited,Ernst & Young,16.8,16.6,0.61,0.3,1.5,0.2,1.5,16.8,0.7,-1000000,2
3427,Bharti Airtel Limited,Deloitte,11.8,11.6,0.76,0.38,0.2,-0.6,0.8,11.8,0.4,-500000,1
3428,Infosys Limited,KPMG,14.1,13.9,0.69,0.31,0.6,0.1,1.4,14.1,0.5,-1500000,0
3429,Asia Pacific Group Limited,Ernst & Young,17.4,17.2,0.42,0.21,0.4,0.5,2.2,17.4,0.8,-2000000,1
3430,Axind Limited,Deloitte,12.3,12.1,0.55,0.27,0.3,0.1,1.3,12.3,0.6,-800000,1
3431,Birla Corporation Limited,KPMG,18.9,18.7,0.37,0.18,0.5,-0.1,1.1,18.9,0.7,-1200000,1
3432,Britannia Industries Limited,Ernst & Young,14.6,14.4,0.66,0.33,0.8,-0.3,1.2,14.6,0.6,-2000000,0
3433,Cadila Healthcare Limited,Deloitte,13.5,13.3,0.64,0.32,1.2,-0.5,1.9,13.5,0.7,-1000000,1
3434,Cipla Limited,KPMG,16.1,15.9,0.52,0.26,0.6,0.1,1.4,16.1,0.6,-1800000,0
3435,Dr. Reddy's Laboratories Limited,Ernst & Young,15.7,15.5,0.58,0.29,0.9,0.2,1.6,15.7,0.7,-1500000,1
3436,Eicher Motors Limited,Deloitte,17.8,17.6,0.44,0.22,0.4,-0.1,1.5,17.8,0.8,-1000000,1
3437,GlaxoSmithKline Pharmaceuticals Limited,KPMG,19.2,19.0,0.31,0.16,1.1,-0.2,1.8,19.2,0.9,-1200000,1
3438,Hero MotoCorp Limited,Ernst & Young,14.9,14.7,0.61,0.31,0.7,-0.4,1.3,14.9,0.7,-2000000,0
3439,Housing Development Finance Corporation Limited,Deloitte,13.6,13.4,0.53,0.27,0.6,-0.3,1.7,13.6,0.6,-1800000,1
3440,ICICI Bank Limited,KPMG,16.3,16.1,0.5,0.25,0.8,-0.1,1.4,16.3,0.7,-2000000,1
3441,Infosys Limited,Ernst & Young,14.4,14.2,0.48,0.24,1.3,0.1,1.7,14.4,0.8,-1000000,1
3442,ITC Limited,Deloitte,18.1,17.9,0.39,0.19,1.1,-0.1,1.8,18.1,0.9,-1500000,1
3443,Jindal Steel and Power Limited,KPMG,16.6,16.4,0.56,0.28,0.5,-0.2,1.5,16.6,0.8,-1200000,1
3444,Larsen & Toubro Limited,Ernst & Young,17.4,17.2,0.42,0.21,0.9,0.1,1.6,17.4,0.9,-1000000,1
3445,Tata Consultancy Services,Deloitte,12.9,12.7,0.53,0.26,1.8,0.05,1.4,12.9,0.7,-500000,1
3446,Bajaj Finserv Limited,KPMG,15.3,15.1,0.61,0.3,1.2,0.02,1.3,15.3,0.7,-1000000,1
3447,Reliance Industries Limited,Ernst & Young,21.1,20.9,0.36,0.18,0.6,0.01,1.9,21.1,0.8,-500000,1
3448,Housing Development Finance Corporation Limited,Deloitte,13.2,13.0,0.74,0.37,0.3,-0.05,1.2,13.2,0.7,-1500000,1
3449,HDFC Bank Limited,KPMG,16.8,16.6,0.5,0.25,1.5,0.08,1.8,16.8,0.8,-1000000,1
3450,Bharti Airtel Limited,Ernst & Young,11.6,11.4,0.59,0.29,0.2,-0.01,1.3,11.6,0.7,-500000,1
3451,State Bank of India,Deloitte,14.1,13.9,0.68,0.34,0.7,-0.03,1.4,14.1,0.7,-1500000,1
3452,Tata Motors Limited,KPMG,16.9,16.7,0.45,0.23,0.4,0.03,1.6,16.9,0.8,-1000000,1
3453,Reliance Industries Limited,Ernst & Young,21.2,20.9,0.35,0.18,0.6,0.01,1.9,21.2,0.8,-500000,1
3454,Infosys Limited,Deloitte,13.2,12.9,0.6,0.3,0.1,0.05,1.5,13.2,0.7,-1000000,1
3455,Hindustan Unilever Limited,KPMG,18.3,17.9,0.48,0.24,0.9,0.02,1.7,18.3,0.8,-500000,1
3456,Bajaj Finance Limited,Ernst & Young,15.7,15.3,0.62,0.31,1.2,0.07,1.4,15.7,0.9,-1500000,1
3457,Hero MotoCorp Limited,Deloitte,12.5,12.1,0.55,0.28,0.6,-0.01,1.2,12.5,0.7,-1000000,1
3458,Asian Paints Limited,KPMG,17.6,17.1,0.42,0.21,0.3,0.04,1.6,17.6,0.8,-500000,1
3459,Maruti Suzuki India Limited,Ernst & Young,14.8,14.4,0.65,0.33,0.8,-0.01,1.3,14.8,0.9,-1500000,1
3460,Sun Pharmaceutical Industries Limited,Deloitte,11.9,11.5,0.53,0.27,0.1,-0.02,1.1,11.9,0.7,-1000000,1
3461,Tata Consultancy Services Limited,KPMG,16.1,15.7,0.47,0.24,0.2,0.04,1.7,16.1,0.8,-500000,1
3462,Bharti Airtel Limited,Ernst & Young,12.8,12.4,0.58,0.29,0.1,-0.01,1.1,12.8,0.7,-1000000,1
3463,Reliance Industries Limited,Deloitte,20.4,19.9,0.33,0.17,0.7,0.01,1.9,20.4,0.8,-500000,1
3464,Infosys Limited,KPMG,15.2,14.8,0.51,0.26,0.1,0.03,1.2,15.2,0.7,-1000000,1
3465,Hero MotoCorp Limited,Ernst & Young,13.6,13.2,0.48,0.24,0.2,0.02,1.6,13.6,0.9,-500000,2
3466,State Bank of India,Deloitte,16.3,15.9,0.35,0.18,0.1,-0.01,1.3,16.3,0.8,-1000000,1
3467,Bajaj Auto Limited,KPMG,14.5,14.1,0.5,0.25,0.2,0.03,1.5,14.5,0.7,-500000,1
3468,Asian Paints Limited,Ernst & Young,12.1,11.7,0.4,0.2,0.1,0.02,1.4,12.1,0.7,-1000000,1
3469,HDFC Bank Limited,Deloitte,17.9,17.5,0.27,0.14,0.3,0.01,1.8,17.9,0.8,-500000,1
3470,Housing Development Finance Corporation Limited,KPMG,15.4,15.0,0.38,0.19,0.1,0.01,1.2,15.4,0.7,-500000,1
3471,ICICI Bank Limited,Ernst & Young,14.3,13.9,0.33,0.17,0.2,0.02,1.6,14.3,0.8,-1000000,1
3472,Larsen & Toubro Limited,Deloitte,13.4,12.9,0.52,0.26,0.1,0.01,1.5,13.4,0.7,-500000,1
3473,Reliance Industries Limited,KPMG,11.9,11.5,0.45,0.23,0.15,0.01,1.6,11.9,0.8,-1000000,1
3474,Tata Consultancy Services Limited,Ernst & Young,18.5,18.1,0.2,0.1,0.25,0.01,1.9,18.5,0.9,-500000,1
3475,State Bank of India,Deloitte,16.3,15.9,0.35,0.18,0.1,0.01,1.1,16.3,0.7,-500000,1
3476,Bharti Airtel Limited,KPMG,14.7,14.3,0.4,0.2,0.1,0.01,1.4,14.7,0.8,-1000000,1
3477,Hindustan Unilever Limited,Ernst & Young,12.8,12.4,0.4,0.2,0.15,0.01,1.6,12.8,0.8,-500000,1
3478,Infosys Limited,Deloitte,19.2,18.8,0.15,0.08,0.2,0.01,1.8,19.2,0.9,-500000,1
3479,SBI Life Insurance Company Limited,KPMG,17.6,17.2,0.3,0.16,0.1,0.01,1.2,17.6,0.7,-500000,1
3480,Tata Steel Limited,Ernst & Young,13.8,13.4,0.5,0.25,0.1,0.01,1.5,13.8,0.7,-500000,1
3481,Bajaj Finserv Limited,Deloitte,15.1,14.7,0.35,0.18,0.1,0.01,1.3,15.1,0.8,-1000000,1
3482,Asian Paints Limited,KPMG,12.1,11.7,0.4,0.2,0.1,0.02,1.4,12.1,0.7,-1000000,1
3483,Reliance Industries Limited,Ernst & Young,11.2,10.8,0.45,0.23,0.1,0.02,1.6,11.2,0.8,-1500000,1
3484,Hindustan Unilever Limited,Deloitte,14.3,13.9,0.25,0.13,0.15,0.03,1.9,14.3,0.9,-2000000,2
3485,Tata Consultancy Services Limited,KPMG,16.5,16.1,0.3,0.16,0.2,0.01,1.7,16.5,0.8,-500000,1
3486,Bharti Airtel Limited,Ernst & Young,10.1,9.7,0.5,0.26,0.1,0.02,1.5,10.1,0.7,-1000000,1
3487,HDFC Bank Limited,Deloitte,18.8,18.4,0.2,0.1,0.2,0.01,1.4,18.8,0.9,-2500000,2
3488,ICICI Bank Limited,KPMG,12.6,12.2,0.35,0.18,0.1,0.02,1.3,12.6,0.8,-1000000,1
3489,State Bank of India,Ernst & Young,15.3,15.0,0.4,0.21,0.1,0.02,1.4,15.3,0.7,-1000000,1
3490,Reliance Industries Limited,Deloitte,11.2,10.8,0.45,0.23,0.1,0.02,1.6,11.2,0.8,-1500000,1
3491,Tata Steel Limited,KPMG,13.8,13.4,0.5,0.25,0.1,0.01,1.5,13.8,0.7,-500000,1
3492,Infosys Limited,Ernst & Young,14.5,14.1,0.3,0.15,0.15,0.03,1.8,14.5,0.85,-2000000,1
3493,Bharat Petroleum Corporation Limited,Deloitte,16.7,16.3,0.6,0.3,0.1,0.02,1.7,16.7,0.9,-1200000,1
3494,Bharti Airtel Limited,KPMG,10.9,10.5,0.75,0.37,0.05,0.01,1.4,10.9,0.6,-1800000,0
3495,Larsen & Toubro Limited,Ernst & Young,17.4,16.9,0.55,0.27,0.1,0.02,1.6,17.4,0.75,-800000,1
3496,Hero Motocorp Limited,Deloitte,13.1,12.7,0.4,0.2,0.1,0.03,1.8,13.1,0.8,-3000000,0
3497,Adani Enterprises Limited,KPMG,11.6,11.2,0.65,0.33,0.05,0.01,1.4,11.6,0.7,-1000000,1
3498,Asian Paints Limited,Ernst & Young,15.8,15.4,0.45,0.23,0.1,0.03,1.7,15.8,0.85,-2500000,1
3499,Bajaj Finance Limited,Deloitte,14.3,13.9,0.5,0.25,0.1,0.02,1.5,14.3,0.9,-1500000,1
3500,Bharti Infratel Limited,KPMG,12.1,11.7,0.8,0.4,0.05,0.01,1.3,12.1,0.6,-2000000,0
3501,Bharti Airtel Limited,Deloitte,10.8,10.4,0.7,0.36,0.05,0.01,1.4,10.8,0.6,-1800000,0
3502,Hindustan Unilever Limited,Ernst & Young,18.9,18.5,0.55,0.28,0.06,0.02,1.6,18.9,0.95,-1000000,2
3503,Tata Consultancy Services Limited,KPMG,17.6,17.2,0.6,0.3,0.1,0.03,1.7,17.6,0.8,-2500000,1
3504,Infosys Limited,Deloitte,16.3,15.9,0.7,0.36,0.05,0.01,1.4,16.3,0.65,-1500000,1
3505,Reliance Industries Limited,Ernst & Young,19.2,18.8,0.65,0.33,0.05,0.01,1.5,19.2,0.7,-2000000,0
3506,Hero MotoCorp Limited,Deloitte,13.6,13.2,0.8,0.4,0.05,0.01,1.3,13.6,0.5,-1800000,0
3507,Tata Steel Limited,KPMG,14.1,13.7,0.75,0.4,0.05,0.01,1.4,14.1,0.6,-2200000,1
3508,Bharti Airtel Limited,Ernst & Young,11.5,11.1,0.7,0.36,0.05,0.01,1.4,11.5,0.6,-1800000,0
3509,Tata Motors Limited,Deloitte,15.8,15.4,0.55,0.28,0.06,0.02,1.6,15.8,0.95,-1000000,2
3510,State Bank of India,KPMG,16.9,16.5,0.6,0.3,0.05,0.01,1.7,16.9,0.8,-2500000,1
3511,Hindustan Petroleum Corporation Limited,Deloitte,17.4,17.0,0.7,0.36,0.05,0.01,1.4,17.4,0.65,-1500000,1
3512,Reliance Industries Limited,Ernst & Young,12.9,12.5,0.65,0.32,0.07,0.03,1.8,12.9,0.75,-3000000,2
3513,Oil and Natural Gas Corporation Limited,KPMG,13.6,13.2,0.5,0.25,0.06,0.02,1.5,13.6,0.8,-2000000,1
3514,Coal India Limited,Deloitte,14.3,13.9,0.7,0.3,0.05,0.01,1.3,14.3,0.6,-1000000,2
3515,National Thermal Power Corporation Limited,Ernst & Young,15.1,14.7,0.6,0.3,0.05,0.01,1.6,15.1,0.85,-2000000,1
3516,Bharat Petroleum Corporation Limited,KPMG,16.2,15.8,0.7,0.35,0.05,0.01,1.4,16.2,0.7,-1500000,1
3517,Power Grid Corporation of India Limited,Deloitte,17.5,17.1,0.5,0.25,0.06,0.02,1.7,17.5,0.8,-2500000,2
3518,BHEL Limited,Ernst & Young,18.8,18.4,0.6,0.3,0.05,0.01,1.5,18.8,0.8,-2000000,1
3519,NTPC Limited,KPMG,19.3,18.9,0.7,0.3,0.05,0.01,1.4,19.3,0.7,-1500000,2
3520,ONGC Videsh Limited,Deloitte,20.1,19.7,0.6,0.3,0.06,0.02,1.6,20.1,0.8,-2500000,1
3521,Gail (India) Limited,Ernst & Young,11.5,11.1,0.7,0.36,0.05,0.01,1.4,11.5,0.6,-1800000,0
3522,Tata Steel Limited,KPMG,13.9,13.5,0.8,0.4,0.07,0.01,1.3,13.9,0.6,-1500000,1
3523,Reliance Industries Limited,Deloitte,22.1,21.7,0.5,0.25,0.08,0.03,1.8,22.1,0.7,-3000000,2
3524,Hindustan Unilever Limited,Ernst & Young,15.2,14.8,0.6,0.3,0.06,0.01,1.5,15.2,0.7,-2000000,1
3525,State Bank of India,KPMG,25.1,24.7,0.7,0.35,0.04,0.01,1.2,25.1,0.6,-1200000,1
3526,Bharat Petroleum Corporation Limited,Deloitte,18.4,17.9,0.8,0.42,0.05,0.01,1.3,18.4,0.6,-2200000,0
3527,Coal India Limited,Ernst & Young,21.2,20.8,0.7,0.38,0.03,0.01,1.1,21.2,0.6,-1800000,1
3528,National Thermal Power Corporation Limited,KPMG,23.5,23.1,0.8,0.45,0.04,0.01,1.1,23.5,0.6,-1500000,1
3529,Indian Oil Corporation Limited,Deloitte,27.1,26.7,0.6,0.3,0.05,0.01,1.4,27.1,0.7,-2500000,1
3530,Gas Authority of India Limited,Ernst & Young,17.8,17.4,0.7,0.36,0.03,0.01,1.2,17.8,0.6,-1600000,0
3531,Reliance Industries Limited,Deloitte,22.5,22.1,0.9,0.48,0.06,0.01,1.3,22.5,0.6,-2000000,1
3532,Tata Steel Limited,Ernst & Young,19.2,18.8,0.7,0.39,0.04,0.01,1.2,19.2,0.6,-1400000,1
3533,Hindustan Petroleum Corporation Limited,KPMG,24.6,24.2,0.8,0.46,0.03,0.01,1.1,24.6,0.6,-1200000,1
3534,Bharti Airtel Limited,Deloitte,26.8,26.4,0.6,0.3,0.05,0.01,1.4,26.8,0.7,-2800000,2
3535,Adani Enterprises Limited,Ernst & Young,15.9,15.5,0.7,0.37,0.02,0.01,1.1,15.9,0.6,-1300000,1
3536,NTPC Limited,KPMG,25.3,24.9,0.8,0.47,0.04,0.01,1.1,25.3,0.6,-1100000,1
3537,Oil and Natural Gas Corporation Limited,Deloitte,28.7,28.3,0.6,0.31,0.05,0.01,1.4,28.7,0.7,-2600000,2
3538,Coal India Limited,Ernst & Young,20.1,19.7,0.7,0.38,0.03,0.01,1.2,20.1,0.6,-1700000,1
3539,Power Finance Corporation Limited,KPMG,23.6,23.2,0.8,0.45,0.04,0.01,1.1,23.6,0.6,-1600000,1
3540,Hindustan Zinc Limited,Deloitte,22.8,22.4,0.6,0.3,0.06,0.01,1.5,22.8,0.7,-2400000,2
3541,Bharat Petroleum Corporation Limited,Ernst & Young,21.9,21.5,0.7,0.36,0.03,0.01,1.3,21.9,0.6,-1900000,1
3542,Bharti Airtel Limited,KPMG,19.2,18.8,0.7,0.37,0.05,0.01,1.6,19.2,0.6,-2200000,2
3543,Tata Steel Limited,Deloitte,25.5,25.1,0.6,0.3,0.04,0.01,1.2,25.5,0.7,-2000000,1
3544,Reliance Industries Limited,Ernst & Young,27.9,27.5,0.5,0.25,0.08,0.01,1.7,27.9,0.8,-3000000,2
3545,State Bank of India,KPMG,30.1,29.7,0.4,0.2,0.03,0.01,1.4,30.1,0.9,-2500000,1
3546,Indian Oil Corporation Limited,Deloitte,24.6,24.2,0.6,0.31,0.04,0.01,1.3,24.6,0.7,-2100000,1
3547,Housing Development Finance Corporation Limited,Ernst & Young,26.3,25.9,0.5,0.23,0.07,0.01,1.8,26.3,0.8,-2800000,2
3548,HDFC Bank Limited,KPMG,32.1,31.7,0.3,0.15,0.06,0.01,1.9,32.1,0.9,-3000000,2
3549,Icici Bank Limited,Deloitte,28.8,28.4,0.4,0.2,0.05,0.01,1.5,28.8,0.8,-2700000,1
3550,Axis Bank Limited,Ernst & Young,31.5,30.9,0.5,0.21,0.07,0.01,1.6,31.5,0.9,-2900000,2
3551,Reliance Industries Limited,KPMG,25.8,25.4,0.7,0.32,0.06,0.02,1.2,25.8,0.7,-2200000,1
3552,Bharti Airtel Limited,Deloitte,23.9,23.5,0.6,0.3,0.03,0.01,1.1,23.9,0.6,-2000000,1
3553,Tata Consultancy Services Limited,Ernst & Young,27.4,27.0,0.4,0.2,0.08,0.02,1.7,27.4,0.8,-2600000,2
3554,Infosys Limited,KPMG,29.2,28.8,0.5,0.23,0.06,0.01,1.4,29.2,0.8,-2700000,1
3555,Hindustan Unilever Limited,Deloitte,24.1,23.7,0.6,0.31,0.05,0.01,1.1,24.1,0.7,-2300000,1
3556,Bharat Petroleum Corporation Limited,Ernst & Young,26.6,26.2,0.5,0.22,0.07,0.01,1.5,26.6,0.8,-2800000,2
3557,Oil and Natural Gas Corporation Limited,KPMG,22.3,21.9,0.7,0.33,0.03,0.01,1.0,22.3,0.6,-2100000,1
3558,Coal India Limited,Deloitte,21.4,21.0,0.7,0.34,0.02,0.01,0.9,21.4,0.6,-2000000,1
3559,Gas Authority of India Limited,Ernst & Young,20.2,19.8,0.8,0.35,0.01,0.01,0.7,20.2,0.5,-1900000,1
3560,Hindustan Petroleum Corporation Limited,Deloitte,25.8,25.4,0.4,0.2,0.06,0.02,1.2,25.8,0.7,-2200000,2
3561,Indian Oil Corporation Limited,Ernst & Young,28.9,28.5,0.6,0.27,0.05,0.03,1.6,28.9,0.8,-2500000,2
3562,Bharat Heavy Electricals Limited,KPMG,23.1,22.7,0.7,0.3,0.02,0.01,1.1,23.1,0.6,-2400000,1
3563,National Aluminium Company Limited,Deloitte,22.5,22.1,0.7,0.32,0.01,0.01,0.8,22.5,0.5,-2300000,1
3564,Bhel Limited,Ernst & Young,26.6,26.2,0.5,0.22,0.07,0.01,1.5,26.6,0.8,-2800000,2
3565,Bharat Electronics Limited,KPMG,24.1,23.7,0.8,0.35,0.01,0.01,0.7,24.1,0.5,-2200000,1
3566,Bharat Dynamics Limited,Deloitte,27.9,27.5,0.6,0.27,0.05,0.03,1.6,27.9,0.8,-2500000,2
3567,Hindustan Aeronautics Limited,Ernst & Young,29.3,28.9,0.7,0.3,0.02,0.01,1.1,29.3,0.6,-2400000,1
3568,Bharat Heavy Plates and Vessels Limited,KPMG,21.4,21.0,0.7,0.34,0.01,0.01,0.9,21.4,0.6,-2000000,1
3569,Bharat Sanchar Nigam Limited,Deloitte,20.2,19.8,0.8,0.35,0.01,0.01,0.7,20.2,0.5,-1900000,1
3570,Tata Power Company Limited,KPMG,22.1,21.7,0.65,0.3,0.03,0.02,1.3,22.1,0.7,-2200000,2
3571,Larsen & Toubro Limited,Ernst & Young,25.6,25.2,0.7,0.3,0.04,0.03,1.5,25.6,0.8,-2600000,1
3572,Housing Development Finance Corporation Limited,Deloitte,19.9,19.5,0.6,0.3,0.02,0.01,1.1,19.9,0.6,-1800000,1
3573,State Bank of India,Ernst & Young,23.8,23.4,0.8,0.35,0.01,0.01,0.7,23.8,0.5,-2000000,1
3574,Reliance Industries Limited,KPMG,28.5,28.1,0.7,0.3,0.05,0.04,1.7,28.5,0.7,-2700000,2
3575,Infosys Limited,Deloitte,26.2,25.8,0.7,0.3,0.03,0.02,1.3,26.2,0.8,-2600000,1
3576,Tata Consultancy Services Limited,Ernst & Young,24.3,23.9,0.7,0.3,0.04,0.03,1.5,24.3,0.7,-2500000,2
3577,Bajaj Finance Limited,KPMG,21.6,21.2,0.6,0.3,0.02,0.01,1.1,21.6,0.6,-1900000,1
3578,Hindustan Unilever Limited,Deloitte,27.7,27.3,0.65,0.3,0.03,0.02,1.3,27.7,0.7,-2300000,2
3579,Icici Bank Limited,Ernst & Young,23.9,23.5,0.8,0.35,0.01,0.01,0.7,23.9,0.5,-2100000,1
3580,Reliance Industries Limited,KPMG,28.1,27.7,0.6,0.3,0.05,0.04,1.6,28.1,0.8,-2700000,2
3581,Tata Steel Limited,Deloitte,25.8,25.4,0.7,0.3,0.02,0.03,1.2,25.8,0.6,-2400000,1
3582,State Bank of India,Ernst & Young,22.6,22.2,0.6,0.3,0.01,0.02,1.0,22.6,0.7,-1800000,1
3583,Hero MotoCorp Limited,KPMG,29.8,29.4,0.5,0.3,0.06,0.05,1.8,29.8,0.8,-2600000,2
3584,Bharti Airtel Limited,Deloitte,26.5,26.1,0.7,0.3,0.03,0.02,1.4,26.5,0.7,-2200000,1
3585,Maruti Suzuki India Limited,Ernst & Young,24.2,23.8,0.6,0.3,0.04,0.03,1.5,24.2,0.8,-2000000,2
3586,HDFC Bank Limited,KPMG,27.3,26.9,0.6,0.3,0.03,0.04,1.3,27.3,0.7,-2500000,1
3587,Housing Development Finance Corporation Limited,Deloitte,23.6,23.2,0.6,0.3,0.02,0.03,1.1,23.6,0.6,-1700000,1
3588,Bharat Petroleum Corporation Limited,Ernst & Young,28.4,28.0,0.6,0.3,0.05,0.04,1.6,28.4,0.8,-2800000,2
3589,Oil and Natural Gas Corporation Limited,KPMG,21.7,21.3,0.6,0.3,0.02,0.03,1.0,21.7,0.7,-1500000,1
3590,State Bank of India,Deloitte,31.1,30.7,0.7,0.3,0.04,0.05,1.8,31.1,0.9,-3200000,2
3591,Reliance Industries Limited,Ernst & Young,19.8,19.4,0.5,0.2,0.07,0.06,1.9,19.8,0.5,-2000000,1
3592,Tata Consultancy Services,KPMG,25.6,25.2,0.4,0.2,0.09,0.08,1.4,25.6,0.6,-1800000,2
3593,Infosys Limited,Deloitte,24.9,24.5,0.4,0.2,0.08,0.07,1.3,24.9,0.7,-1600000,1
3594,Hindustan Unilever Limited,Ernst & Young,27.9,27.5,0.5,0.2,0.06,0.05,1.6,27.9,0.8,-2200000,2
3595,Bharti Airtel Limited,KPMG,22.3,21.9,0.5,0.2,0.05,0.04,1.2,22.3,0.6,-1900000,1
3596,ICICI Bank Limited,Deloitte,29.7,29.3,0.6,0.3,0.03,0.04,1.5,29.7,0.8,-2600000,2
3597,Adani Ports and Special Economic Zone Limited,Ernst & Young,26.8,26.4,0.6,0.3,0.05,0.06,1.7,26.8,0.7,-2100000,2
3598,Larsen & Toubro Limited,KPMG,30.2,29.8,0.5,0.2,0.07,0.08,1.8,30.2,0.9,-2700000,2
3599,Asian Paints Limited,Deloitte,28.5,28.1,0.4,0.2,0.08,0.07,1.5,28.5,0.7,-1700000,1
3600,Reliance Industries Limited,PricewaterhouseCoopers,27.6,27.2,0.6,0.3,0.06,0.07,1.6,27.6,0.8,-2800000,2
3601,Tata Consultancy Services Limited,Ernst & Young,25.9,25.5,0.5,0.2,0.09,0.08,1.4,25.9,0.9,-2300000,2
3602,Housing Development Finance Corporation Limited,KPMG,29.8,29.4,0.7,0.3,0.04,0.03,1.2,29.8,0.6,-2400000,1
3603,Bharti Airtel Limited,Deloitte,24.3,23.9,0.7,0.3,0.05,0.04,1.1,24.3,0.7,-2200000,1
3604,State Bank of India,Ernst & Young,30.1,29.7,0.5,0.2,0.03,0.02,1.0,30.1,0.8,-2900000,2
3605,Infosys Limited,KPMG,26.4,25.8,0.5,0.2,0.08,0.06,1.3,26.4,0.9,-2500000,2
3606,Hindustan Unilever Limited,PricewaterhouseCoopers,28.2,27.8,0.4,0.2,0.07,0.06,1.6,28.2,0.7,-1800000,1
3607,Maruti Suzuki India Limited,Deloitte,23.6,23.2,0.6,0.3,0.05,0.04,1.0,23.6,0.7,-2100000,1
3608,Bajaj Finance Limited,Ernst & Young,31.0,30.6,0.8,0.3,0.06,0.07,1.5,31.0,0.9,-2600000,2
3609,HDFC Bank Limited,KPMG,29.9,29.5,0.6,0.3,0.05,0.05,1.4,29.9,0.8,-2700000,2
3610,Tata Consultancy Services Limited,Deloitte,26.1,25.7,0.5,0.2,0.08,0.07,1.2,26.1,0.6,-2000000,2
3611,Infosys Limited,Ernst & Young,21.8,21.4,0.7,0.3,0.06,0.05,1.1,21.8,0.7,-2200000,1
3612,Reliance Industries Limited,KPMG,30.5,29.1,0.9,0.3,0.04,0.03,1.3,30.5,0.5,-2400000,2
3613,Bharti Airtel Limited,PricewaterhouseCoopers,27.3,26.9,0.6,0.3,0.05,0.04,1.0,27.3,0.8,-2300000,1
3614,Larsen & Toubro Limited,Deloitte,28.9,28.5,0.7,0.3,0.07,0.06,1.3,28.9,0.9,-2500000,2
3615,State Bank of India,Ernst & Young,32.0,31.6,0.6,0.3,0.06,0.04,1.4,32.0,0.7,-2800000,2
3616,ICICI Bank Limited,KPMG,29.5,29.1,0.8,0.3,0.05,0.04,1.1,29.5,0.8,-2600000,1
3617,Asian Paints Limited,PricewaterhouseCoopers,24.6,24.2,0.6,0.3,0.07,0.06,1.4,24.6,0.6,-2100000,2
3618,Bajaj Auto Limited,Deloitte,25.0,24.6,0.7,0.3,0.06,0.05,1.2,25.0,0.7,-2200000,1
3619,Hero MotoCorp Limited,Ernst & Young,23.4,23.0,0.8,0.3,0.05,0.04,1.0,23.4,0.8,-2300000,0
3620,Tata Consultancy Services Limited,PricewaterhouseCoopers,28.1,27.7,0.7,0.3,0.08,0.06,1.4,28.1,0.7,-2500000,2
3621,Reliance Industries Limited,Deloitte,30.5,30.1,0.9,0.3,0.09,0.07,1.5,30.5,0.9,-2900000,2
3622,Infosys Limited,Ernst & Young,27.8,27.4,0.8,0.3,0.07,0.05,1.3,27.8,0.8,-2400000,1
3623,Hindustan Unilever Limited,KPMG,26.2,25.8,0.6,0.3,0.06,0.04,1.2,26.2,0.6,-2200000,1
3624,Bharti Airtel Limited,PricewaterhouseCoopers,25.3,24.9,0.8,0.3,0.05,0.03,1.1,25.3,0.8,-2300000,1
3625,SBI Life Insurance Company Limited,Deloitte,24.1,23.7,0.9,0.3,0.04,0.03,1.0,24.1,0.9,-2100000,1
3626,Adani Enterprises Limited,Ernst & Young,22.9,22.5,0.7,0.3,0.05,0.04,1.4,22.9,0.7,-2000000,1
3627,Ashok Leyland Limited,KPMG,21.8,21.4,0.8,0.3,0.04,0.03,1.1,21.8,0.8,-1900000,1
3628,Bajaj Finance Limited,PricewaterhouseCoopers,20.7,20.3,0.7,0.3,0.06,0.04,1.3,20.7,0.7,-1800000,1
3629,Bharti Airtel Limited,Deloitte,25.2,24.8,0.6,0.2,0.03,0.02,1.2,25.2,0.8,-2000000,1
3630,BHEL Limited,Ernst & Young,23.6,23.2,0.9,0.3,0.05,0.03,1.5,23.6,0.9,-2200000,1
3631,Coal India Limited,KPMG,26.8,26.4,0.7,0.2,0.04,0.03,1.3,26.8,0.7,-2300000,1
3632,GAIL (India) Limited,PricewaterhouseCoopers,22.5,22.1,0.8,0.3,0.06,0.04,1.4,22.5,0.8,-1900000,1
3633,HDFC Bank Limited,Deloitte,24.3,23.9,0.6,0.2,0.04,0.02,1.1,24.3,0.8,-2100000,1
3634,Hero MotoCorp Limited,Ernst & Young,21.9,21.5,0.7,0.3,0.05,0.03,1.6,21.9,0.7,-1800000,1
3635,HCL Technologies Limited,KPMG,27.1,26.7,0.6,0.2,0.03,0.02,1.0,27.1,0.8,-2400000,1
3636,ICICI Bank Limited,PricewaterhouseCoopers,23.4,23.0,0.7,0.3,0.04,0.03,1.4,23.4,0.7,-2200000,1
3637,Infosys Limited,Deloitte,24.9,24.5,0.6,0.2,0.05,0.03,1.2,24.9,0.8,-1900000,1
3638,ITC Limited,Ernst & Young,22.3,21.9,0.9,0.3,0.06,0.04,1.5,22.3,0.9,-2300000,1
3639,Tata Consultancy Services,Deloitte,25.1,24.7,0.6,0.2,0.04,0.03,1.3,25.1,0.8,-2000000,2
3640,Reliance Industries Limited,PricewaterhouseCoopers,29.8,29.4,0.5,0.2,0.06,0.05,1.8,29.8,0.9,-2500000,1
3641,Bharti Airtel Limited,KPMG,26.6,26.2,0.7,0.3,0.03,0.02,1.1,26.6,0.7,-2100000,1
3642,State Bank of India,Ernst & Young,21.2,20.8,0.8,0.3,0.05,0.03,1.6,21.2,0.8,-2400000,0
3643,HDFC Bank Limited,Deloitte,24.5,24.1,0.7,0.3,0.05,0.04,1.7,24.5,0.8,-2600000,1
3644,Adani Enterprises Limited,PricewaterhouseCoopers,28.9,28.5,0.4,0.2,0.04,0.03,1.9,28.9,0.9,-2700000,1
3645,Larsen & Toubro Limited,KPMG,23.5,23.1,0.6,0.3,0.04,0.03,1.4,23.5,0.8,-2200000,1
3646,Bajaj Finserv Limited,Ernst & Young,27.3,26.9,0.6,0.2,0.03,0.02,1.1,27.3,0.7,-2300000,1
3647,Asian Paints Limited,Deloitte,22.8,22.4,0.8,0.3,0.06,0.03,1.5,22.8,0.9,-2500000,0
3648,Tata Steel Limited,PricewaterhouseCoopers,25.6,25.2,0.5,0.2,0.05,0.04,1.8,25.6,0.9,-2600000,1
3649,Reliance Industries Limited,KPMG,24.9,24.5,0.7,0.3,0.07,0.05,1.2,24.9,0.8,-2700000,1
3650,Hindustan Unilever Limited,Ernst & Young,26.1,25.7,0.5,0.2,0.04,0.03,1.3,26.1,0.7,-2400000,1
3651,Bharti Airtel Limited,Deloitte,23.2,22.8,0.7,0.3,0.05,0.03,1.1,23.2,0.8,-2800000,0
3652,Maruti Suzuki India Limited,PricewaterhouseCoopers,21.6,21.2,0.6,0.3,0.06,0.04,1.4,21.6,0.9,-2900000,1
3653,Tata Consultancy Services Limited,KPMG,28.4,27.9,0.6,0.2,0.08,0.06,1.6,28.4,0.8,-2500000,1
3654,Infosys Limited,Ernst & Young,29.1,28.7,0.5,0.2,0.07,0.05,1.2,29.1,0.7,-2600000,1
3655,Housing Development Finance Corporation Limited,Deloitte,22.5,22.1,0.7,0.3,0.06,0.03,1.3,22.5,0.8,-2700000,0
3656,Bajaj Finance Limited,PricewaterhouseCoopers,25.8,25.4,0.6,0.3,0.05,0.04,1.5,25.8,0.9,-2800000,1
3657,HDFC Bank Limited,KPMG,27.9,27.5,0.5,0.2,0.08,0.06,1.7,27.9,0.7,-2400000,1
3658,State Bank of India,Ernst & Young,24.3,23.9,0.6,0.3,0.06,0.04,1.4,24.3,0.8,-2900000,0
3659,Tata Consultancy Services Limited,Deloitte,31.2,30.8,0.4,0.1,0.08,0.07,1.8,31.2,0.9,-2500000,2
3660,Bharat Heavy Electricals Limited,PricewaterhouseCoopers,23.6,23.2,0.8,0.4,0.05,0.02,1.1,23.6,0.6,-2600000,1
3661,Reliance Industries Limited,Ernst & Young,35.4,34.9,0.3,0.1,0.1,0.12,2.5,35.4,0.9,-3200000,2
3662,Larsen & Toubro Limited,Deloitte,28.9,28.5,0.5,0.2,0.07,0.05,1.6,28.9,0.7,-2700000,1
3663,Natural Gas Corporation Limited,PricewaterhouseCoopers,26.3,25.9,0.6,0.3,0.04,0.03,1.2,26.3,0.8,-2800000,0
3664,Bharti Airtel Limited,Ernst & Young,29.7,29.3,0.7,0.3,0.06,0.04,1.4,29.7,0.9,-2500000,1
3665,Hindustan Petroleum Corporation Limited,Deloitte,21.9,21.5,0.9,0.5,0.05,0.02,1.0,21.9,0.7,-2900000,0
3666,Gas Authority of India Limited,PricewaterhouseCoopers,24.8,24.4,0.8,0.4,0.03,0.01,0.9,24.8,0.6,-2600000,1
3667,Coal India Limited,Ernst & Young,27.5,27.1,0.6,0.3,0.05,0.03,1.3,27.5,0.8,-2700000,1
3668,Oil India Limited,Deloitte,22.1,21.7,0.9,0.5,0.04,0.01,0.8,22.1,0.7,-2800000,0
3669,Bharat Petroleum Corporation Limited,KPMG,25.2,24.8,0.7,0.4,0.06,0.03,1.2,25.2,0.8,-2500000,1
3670,National Aluminium Company Limited,Deloitte,20.9,20.5,1.1,0.6,0.05,0.02,0.9,20.9,0.7,-2600000,0
3671,Steel Authority of India Limited,PricewaterhouseCoopers,23.4,23.0,0.8,0.4,0.04,0.01,1.1,23.4,0.7,-2700000,1
3672,Bharat Heavy Electricals Limited,Ernst & Young,26.9,26.5,0.5,0.3,0.05,0.03,1.4,26.9,0.8,-2800000,1
3673,Bharat Electronics Limited,Deloitte,21.6,21.2,1.2,0.6,0.03,0.02,0.8,21.6,0.7,-2400000,0
3674,Bharti Airtel Limited,PricewaterhouseCoopers,28.1,27.7,0.6,0.3,0.04,0.01,1.5,28.1,0.8,-2900000,1
3675,Hindustan Zinc Limited,Ernst & Young,24.5,24.1,0.9,0.5,0.05,0.03,1.3,24.5,0.7,-2700000,1
3676,Rashtriya Ispat Nigam Limited,Deloitte,22.3,21.9,1.3,0.7,0.03,0.02,0.7,22.3,0.7,-2500000,0
3677,Bharat Dynamics Limited,PricewaterhouseCoopers,27.8,27.4,0.7,0.4,0.05,0.02,1.1,27.8,0.8,-2600000,1
3678,Reliance Industries Limited,Ernst & Young,32.6,31.6,0.8,0.4,0.08,0.03,1.2,32.6,0.9,-2400000,1
3679,Tata Consultancy Services Limited,Deloitte,30.9,30.3,1.1,0.6,0.07,0.04,1.6,30.9,0.8,-2800000,1
3680,State Bank of India,PricewaterhouseCoopers,35.2,34.6,1.2,0.6,0.05,0.01,0.8,35.2,0.7,-2200000,1
3681,Hero MotoCorp Limited,Ernst & Young,29.8,29.2,1.5,0.8,0.06,0.02,1.4,29.8,0.6,-2700000,1
3682,Infosys Limited,Deloitte,31.5,30.9,1.3,0.7,0.06,0.03,1.3,31.5,0.8,-2500000,1
3683,Bajaj Finance Limited,PricewaterhouseCoopers,36.7,36.1,0.9,0.5,0.07,0.04,1.8,36.7,0.9,-2300000,1
3684,Tata Steel Limited,Ernst & Young,25.6,25.0,1.8,0.9,0.04,0.01,0.6,25.6,0.6,-2600000,0
3685,Bharti Enterprises Limited,Deloitte,33.8,33.2,1.4,0.7,0.05,0.02,1.2,33.8,0.7,-2400000,1
3686,Adani Enterprises Limited,PricewaterhouseCoopers,34.1,33.5,1.6,0.8,0.05,0.02,1.1,34.1,0.7,-2500000,1
3687,Reliance Industries Limited,Ernst & Young,38.3,37.7,1.1,0.6,0.08,0.05,1.5,38.3,0.8,-2200000,2
3688,Sun Pharmaceutical Industries Limited,Deloitte,39.6,39.0,1.2,0.6,0.09,0.06,1.6,39.6,0.8,-2100000,2
3689,Hero MotoCorp Limited,PricewaterhouseCoopers,40.1,39.5,1.3,0.7,0.07,0.04,1.3,40.1,0.8,-2300000,1
3690,Tata Consultancy Services Limited,Ernst & Young,35.4,34.8,1.5,0.8,0.06,0.03,1.0,35.4,0.7,-2400000,0
3691,HDFC Bank Limited,Deloitte,42.6,42.0,1.4,0.7,0.09,0.07,1.4,42.6,0.9,-2000000,2
3692,Bajaj Auto Limited,PricewaterhouseCoopers,41.2,40.6,1.6,0.8,0.06,0.03,1.1,41.2,0.8,-2300000,1
3693,State Bank of India,Ernst & Young,37.9,37.3,1.8,0.9,0.05,0.02,0.7,37.9,0.7,-2500000,0
3694,Bharti Airtel Limited,Deloitte,36.4,35.8,1.9,0.9,0.04,0.01,0.5,36.4,0.6,-2600000,0
3695,Icici Bank Limited,PricewaterhouseCoopers,43.1,42.5,1.5,0.8,0.07,0.05,1.2,43.1,0.9,-2100000,2
3696,Larsen & Toubro Limited,Ernst & Young,33.5,32.9,2.0,1.0,0.03,0.02,0.3,33.5,0.6,-2700000,0
3697,Infosys Limited,Deloitte,40.7,39.9,1.6,0.8,0.06,0.03,0.8,40.7,0.8,-1800000,1
3698,Hero MotoCorp Ltd.,PricewaterhouseCoopers,34.2,33.5,2.1,1.1,0.04,0.01,0.6,34.2,0.7,-2200000,0
3699,Bajaj Finance Ltd.,Ernst & Young,39.8,38.9,1.4,0.7,0.08,0.04,1.1,39.8,0.9,-1600000,1
3700,Tata Consultancy Services Ltd.,Deloitte,41.6,40.7,1.3,0.6,0.07,0.04,0.9,41.6,0.9,-1500000,2
3701,Maruti Suzuki India Ltd.,PricewaterhouseCoopers,37.3,36.4,2.2,1.1,0.03,0.02,0.4,37.3,0.6,-2400000,0
3702,HDFC Bank Ltd.,Ernst & Young,45.1,44.1,1.2,0.6,0.09,0.06,1.4,45.1,0.9,-1400000,2
3703,Reliance Industries Ltd.,Deloitte,46.9,45.9,1.0,0.5,0.05,0.03,0.7,46.9,0.8,-2000000,1
3704,Bharti Airtel Ltd.,PricewaterhouseCoopers,35.8,34.9,2.3,1.2,0.04,0.01,0.5,35.8,0.7,-2300000,0
3705,ICICI Bank Ltd.,Ernst & Young,42.5,41.5,1.6,0.8,0.07,0.04,1.1,42.5,0.9,-1700000,1
3706,Tata Steel Ltd.,Deloitte,38.4,37.4,2.0,1.0,0.03,0.02,0.4,38.4,0.6,-2500000,0
3707,Infosys Ltd.,PricewaterhouseCoopers,39.8,38.8,1.4,0.7,0.08,0.05,1.2,39.8,0.9,-1500000,1
3708,HCL Technologies Ltd.,Ernst & Young,40.2,39.2,1.1,0.5,0.06,0.03,0.8,40.2,0.8,-1800000,2
3709,Wipro Ltd.,Deloitte,41.5,40.5,1.3,0.6,0.05,0.02,0.6,41.5,0.7,-2100000,1
3710,Larsen & Toubro Ltd.,PricewaterhouseCoopers,36.3,35.3,2.5,1.3,0.04,0.01,0.3,36.3,0.5,-2600000,0
3711,Tata Consultancy Services Ltd.,Ernst & Young,43.1,42.1,1.5,0.8,0.09,0.06,1.3,43.1,0.9,-1600000,1
3712,Bajaj Finserv Ltd.,Deloitte,44.6,43.6,1.8,0.9,0.07,0.04,1.0,44.6,0.8,-1900000,2
3713,State Bank of India,PricewaterhouseCoopers,47.9,46.9,1.0,0.5,0.04,0.01,0.5,47.9,0.6,-2700000,1
3714,Rajesh Exports Ltd.,Ernst & Young,33.7,32.7,2.8,1.4,0.03,0.0,0.2,33.7,0.4,-2800000,0
3715,Tata Motors Ltd.,Deloitte,37.6,36.6,2.2,1.1,0.02,0.0,0.3,37.6,0.5,-2900000,0
3716,Bharti Enterprises Ltd.,PricewaterhouseCoopers,42.3,41.3,1.7,0.8,0.05,0.02,0.6,42.3,0.7,-2000000,1
3717,Infosys Ltd.,Ernst & Young,43.5,42.5,1.5,0.7,0.06,0.03,0.7,43.5,0.8,-1800000,1
3718,Housing Development Finance Corporation,Deloitte,45.1,44.1,1.2,0.6,0.07,0.04,0.8,45.1,0.9,-2200000,2
3719,Reliance Industries Ltd.,PricewaterhouseCoopers,48.2,47.2,1.8,0.9,0.08,0.05,0.9,48.2,0.7,-1200000,1
3720,ICICI Bank Ltd.,Ernst & Young,44.6,43.6,1.3,0.65,0.06,0.03,0.75,44.6,0.8,-2100000,1
3721,Adani Group,Deloitte,41.8,40.8,1.4,0.7,0.05,0.02,0.65,41.8,0.6,-1500000,1
3722,Wipro Ltd.,PricewaterhouseCoopers,46.3,45.3,1.6,0.8,0.07,0.03,0.7,46.3,0.7,-1400000,1
3723,HDFC Bank Ltd.,Ernst & Young,49.7,48.7,1.1,0.55,0.08,0.05,0.8,49.7,0.9,-1900000,2
3724,Tata Consultancy Services Ltd.,Deloitte,47.8,46.8,1.4,0.7,0.07,0.04,0.8,47.8,0.8,-2000000,1
3725,Bharti Airtel Ltd.,PricewaterhouseCoopers,42.1,41.1,2.2,1.1,0.06,0.03,0.6,42.1,0.6,-1600000,1
3726,Infosys Ltd.,Ernst & Young,44.6,43.6,1.3,0.65,0.08,0.04,0.9,44.6,0.7,-1500000,2
3727,Reliance Industries Ltd.,Deloitte,40.1,39.1,1.8,0.85,0.07,0.04,0.9,40.1,0.6,-2200000,1
3728,Hindustan Unilever Ltd.,PricewaterhouseCoopers,48.2,47.2,1.2,0.58,0.09,0.06,0.8,48.2,0.8,-1200000,2
3729,Bajaj Auto Ltd.,Ernst & Young,45.9,44.9,1.5,0.75,0.08,0.05,0.9,45.9,0.9,-1800000,1
3730,State Bank of India,Deloitte,51.5,50.5,1.0,0.5,0.08,0.06,0.9,51.5,1.0,-1300000,2
3731,Tata Steel Ltd.,PricewaterhouseCoopers,43.7,42.7,1.6,0.8,0.06,0.04,0.8,43.7,0.7,-1700000,1
3732,Maruti Suzuki India Ltd.,Ernst & Young,47.4,46.4,1.4,0.7,0.07,0.05,0.9,47.4,0.8,-1600000,2
3733,Hero MotoCorp Ltd.,Deloitte,46.8,45.8,1.7,0.85,0.06,0.04,0.9,46.8,0.6,-1900000,1
3734,Icici Bank Ltd.,PricewaterhouseCoopers,41.5,40.5,1.9,0.9,0.08,0.05,0.8,41.5,0.7,-2100000,0
3735,Bharti Airtel Ltd.,Ernst & Young,42.6,41.6,2.3,1.15,0.06,0.03,0.7,42.6,0.6,-1500000,1
3736,Tata Consultancy Services (TCS),Deloitte,50.2,49.2,1.3,0.65,0.12,0.11,0.15,50.2,0.9,-3000000,2
3737,Infosys Ltd.,PricewaterhouseCoopers,51.5,50.5,1.5,0.7,0.1,0.09,0.12,51.5,0.8,-2800000,1
3738,HDFC Bank Ltd.,Ernst & Young,48.8,47.8,1.8,0.9,0.09,0.06,0.1,48.8,0.7,-2200000,0
3739,Reliance Industries Ltd.,Deloitte,53.1,52.1,2.2,1.2,0.11,0.08,0.13,53.1,0.7,-2500000,1
3740,State Bank of India (SBI),PricewaterhouseCoopers,49.9,48.9,2.1,1.1,0.08,0.04,0.1,49.9,0.6,-1800000,1
3741,Wipro Ltd.,Ernst & Young,55.3,54.3,1.4,0.7,0.09,0.07,0.12,55.3,0.8,-2900000,0
3742,Larsen & Toubro (L&T),Deloitte,52.6,51.6,1.6,0.8,0.07,0.05,0.1,52.6,0.7,-2300000,1
3743,Bajaj Finserv Ltd.,PricewaterhouseCoopers,46.4,45.4,1.9,0.95,0.06,0.03,0.1,46.4,0.5,-1900000,0
3744,Housing Development Finance Corporation (HDFC),Ernst & Young,54.2,53.2,2.4,1.3,0.07,0.06,0.11,54.2,0.7,-2600000,1
3745,Reliance Power Ltd.,Deloitte,56.1,55.1,2.7,1.6,0.08,0.05,0.1,56.1,0.6,-2700000,0
3746,Tata Steel Ltd.,Ernst & Young,62.3,61.3,1.4,0.75,0.08,0.07,0.15,62.3,0.8,-3100000,1
3747,State Bank of India (SBI),KPMG,74.1,73.1,1.8,0.9,0.06,0.03,0.09,74.1,0.5,-2200000,2
3748,Oil and Natural Gas Corporation (ONGC),PwC,80.6,79.6,2.1,1.1,0.07,0.04,0.13,80.6,0.7,-3300000,1
3749,Bharti Airtel Ltd.,Deloitte,58.9,57.9,2.2,1.2,0.05,0.02,0.08,58.9,0.6,-2800000,0
3750,Adani Enterprises Ltd.,KPMG,66.5,65.5,2.5,1.4,0.07,0.03,0.1,66.5,0.8,-3500000,0
3751,Bharat Heavy Electricals Limited (BHEL),Ernst & Young,71.2,70.2,1.7,0.85,0.05,0.02,0.07,71.2,0.5,-2500000,1
3752,Coal India Limited (CIL),PwC,78.8,77.8,2.4,1.3,0.06,0.03,0.1,78.8,0.7,-3700000,1
3753,National Thermal Power Corporation (NTPC),Deloitte,85.9,84.9,2.8,1.6,0.07,0.04,0.11,85.9,0.8,-3900000,0
3754,Power Finance Corporation (PFC),KPMG,63.1,62.1,2.3,1.2,0.05,0.02,0.08,63.1,0.6,-2900000,1
3755,Indian Oil Corporation (IOC),Ernst & Young,91.6,90.6,1.9,1.05,0.06,0.03,0.09,91.6,0.5,-2600000,2
3756,Bharat Heavy Electricals Limited (BHEL),Deloitte,72.5,71.5,2.6,1.4,0.08,0.05,0.12,72.5,0.75,-3400000,1
3757,Bharat Petroleum Corporation Limited (BPCL),KPMG,89.7,88.7,2.1,1.1,0.07,0.04,0.1,89.7,0.85,-3800000,2
3758,Hindustan Petroleum Corporation Limited (HPCL),Ernst & Young,93.2,92.2,1.8,0.9,0.06,0.03,0.11,93.2,0.65,-2700000,1
